thisN,thisTrialN,thisRepN,mouse.x,mouse.y,mouse.leftButton,mouse.midButton,mouse.rightButton,mouse.time,mouse.clicked_name,trials.thisRepN,trials.thisTrialN,trials.thisN,trials.thisIndex,thisRow.t,notes,num_distr,trial.started,fixation.started,target.started,mouse.started,trial.stopped,trials.mouse.x,trials.mouse.y,trials.mouse.leftButton,trials.mouse.midButton,trials.mouse.rightButton,trials.mouse.time,trials.mouse.clicked_name,participant,session,date,expName,expVersion,psychopyVersion,frameRate,expStart,
0,0,0,[np.float64(0.175)],[np.float64(0.27870370370370373)],[1],[0],[0],[1.4245145999998385],[None],0,0,0,0,0.07841389999975945,,10,0.056229199999961565,0.07841389999975945,0.07841389999975945,0.056274000000030355,1.4809181999999055,[np.float64(0.175)],[np.float64(0.27870370370370373)],[1],[0],[0],[1.4245145999998385],[None],par_2_final,001,2025-09-30_11h57.18.644,visual search,,2025.1.1,59.94646780433818,2025-09-30 11h57.28.085968 +0530,
1,0,1,[np.float64(-0.44166666666666665)],[np.float64(-0.3351851851851852)],[1],[0],[0],[1.3316777000000002],[None],1,0,1,0,1.5446219000000383,,10,1.5246084000000337,1.5446219000000383,1.5446219000000383,0.043316199999935634,2.8563709000000017,[np.float64(-0.44166666666666665)],[np.float64(-0.3351851851851852)],[1],[0],[0],[1.3316777000000002],[None],par_2_final,001,2025-09-30_11h57.18.644,visual search,,2025.1.1,59.94646780433818,2025-09-30 11h57.28.085968 +0530,
2,0,2,[np.float64(0.42407407407407405)],[np.float64(-0.3574074074074074)],[1],[0],[0],[1.6257696000002397],['target'],2,0,2,0,2.9198621000000458,,10,2.8968276000000515,2.9198621000000458,2.9198621000000458,0.04022639999993771,4.522646299999906,[np.float64(0.42407407407407405)],[np.float64(-0.3574074074074074)],[1],[0],[0],[1.6257696000002397],['target'],par_2_final,001,2025-09-30_11h57.18.644,visual search,,2025.1.1,59.94646780433818,2025-09-30 11h57.28.085968 +0530,
3,0,3,[np.float64(-0.030555555555555555)],[np.float64(0.1388888888888889)],[1],[0],[0],[1.3965899999998328],['target'],3,0,3,0,4.558447599999909,,5,4.54335779999974,4.558447599999909,4.558447599999909,0.02046909999990021,5.9400737999999365,[np.float64(-0.030555555555555555)],[np.float64(0.1388888888888889)],[1],[0],[0],[1.3965899999998328],['target'],par_2_final,001,2025-09-30_11h57.18.644,visual search,,2025.1.1,59.94646780433818,2025-09-30 11h57.28.085968 +0530,
4,0,4,[np.float64(-0.47129629629629627)],[np.float64(-0.3333333333333333)],[1],[0],[0],[0.8780646000000161],[None],4,0,4,0,5.976228099999844,,5,5.961148399999729,5.976228099999844,5.976228099999844,0.020813000000089232,6.839312999999947,[np.float64(-0.47129629629629627)],[np.float64(-0.3333333333333333)],[1],[0],[0],[0.8780646000000161],[None],par_2_final,001,2025-09-30_11h57.18.644,visual search,,2025.1.1,59.94646780433818,2025-09-30 11h57.28.085968 +0530,
5,0,5,[np.float64(0.28703703703703703)],[np.float64(0.14074074074074075)],[1],[0],[0],[0.6805427999997846],[None],5,0,5,0,6.894495900000038,,10,6.875316599999678,6.894495900000038,6.894495900000038,0.035819400000036694,7.555971100000079,[np.float64(0.28703703703703703)],[np.float64(0.14074074074074075)],[1],[0],[0],[0.6805427999997846],[None],par_2_final,001,2025-09-30_11h57.18.644,visual search,,2025.1.1,59.94646780433818,2025-09-30 11h57.28.085968 +0530,
6,0,6,[np.float64(-0.2212962962962963)],[np.float64(-0.23148148148148148)],[1],[0],[0],[0.3817417000000205],[None],6,0,6,0,7.589273999999932,,5,7.57490370000005,7.589273999999932,7.589273999999932,0.01868400000012116,7.956763799999862,[np.float64(-0.2212962962962963)],[np.float64(-0.23148148148148148)],[1],[0],[0],[0.3817417000000205],[None],par_2_final,001,2025-09-30_11h57.18.644,visual search,,2025.1.1,59.94646780433818,2025-09-30 11h57.28.085968 +0530,
7,0,7,[np.float64(-0.08981481481481482)],[np.float64(-0.12777777777777777)],[1],[0],[0],[1.3371729000000414],['target'],7,0,7,0,8.158026999999947,,10,8.135423199999877,8.158026999999947,8.158026999999947,0.17845020000004297,9.472700100000111,[np.float64(-0.08981481481481482)],[np.float64(-0.12777777777777777)],[1],[0],[0],[1.3371729000000414],['target'],par_2_final,001,2025-09-30_11h57.18.644,visual search,,2025.1.1,59.94646780433818,2025-09-30 11h57.28.085968 +0530,
8,0,8,[np.float64(-0.3351851851851852)],[np.float64(0.4388888888888889)],[1],[0],[0],[1.2984825999997156],['target'],8,0,8,0,9.504816399999982,,5,9.491446099999848,9.504816399999982,9.504816399999982,0.01852499999995416,10.790025499999956,[np.float64(-0.3351851851851852)],[np.float64(0.4388888888888889)],[1],[0],[0],[1.2984825999997156],['target'],par_2_final,001,2025-09-30_11h57.18.644,visual search,,2025.1.1,59.94646780433818,2025-09-30 11h57.28.085968 +0530,
9,0,9,[np.float64(-0.22870370370370371)],[np.float64(0.27314814814814814)],[1],[0],[0],[0.8094137999996747],['target'],9,0,9,0,10.850634099999752,,10,10.829366899999968,10.850634099999752,10.850634099999752,0.039122000000133994,11.638910000000124,[np.float64(-0.22870370370370371)],[np.float64(0.27314814814814814)],[1],[0],[0],[0.8094137999996747],['target'],par_2_final,001,2025-09-30_11h57.18.644,visual search,,2025.1.1,59.94646780433818,2025-09-30 11h57.28.085968 +0530,
10,0,10,[np.float64(0.4287037037037037)],[np.float64(0.37777777777777777)],[1],[0],[0],[1.3595860999998877],['target'],10,0,10,0,11.70076680000011,,10,11.680132200000116,11.70076680000011,11.70076680000011,0.04090270000006058,13.03985449999982,[np.float64(0.4287037037037037)],[np.float64(0.37777777777777777)],[1],[0],[0],[1.3595860999998877],['target'],par_2_final,001,2025-09-30_11h57.18.644,visual search,,2025.1.1,59.94646780433818,2025-09-30 11h57.28.085968 +0530,
11,0,11,[np.float64(-0.4)],[np.float64(-0.4638888888888889)],[1],[0],[0],[1.1328953000002002],[None],11,0,11,0,13.07449349999979,,5,13.058562899999743,13.07449349999979,13.07449349999979,0.018476600000212784,14.191582599999947,[np.float64(-0.4)],[np.float64(-0.4638888888888889)],[1],[0],[0],[1.1328953000002002],[None],par_2_final,001,2025-09-30_11h57.18.644,visual search,,2025.1.1,59.94646780433818,2025-09-30 11h57.28.085968 +0530,
12,0,12,[np.float64(0.24259259259259258)],[np.float64(0.1527777777777778)],[1],[0],[0],[0.9823301000001265],['target'],12,0,12,0,14.222584300000108,,5,14.207926199999747,14.222584300000108,14.222584300000108,0.016159499999957916,15.190347499999916,[np.float64(0.24259259259259258)],[np.float64(0.1527777777777778)],[1],[0],[0],[0.9823301000001265],['target'],par_2_final,001,2025-09-30_11h57.18.644,visual search,,2025.1.1,59.94646780433818,2025-09-30 11h57.28.085968 +0530,
13,0,13,[np.float64(0.39351851851851855)],[np.float64(-0.3453703703703704)],[1],[0],[0],[1.5771522999998524],['target'],13,0,13,0,15.248580899999979,,10,15.229533199999878,15.248580899999979,15.248580899999979,0.039019099999677564,16.806820400000106,[np.float64(0.39351851851851855)],[np.float64(-0.3453703703703704)],[1],[0],[0],[1.5771522999998524],['target'],par_2_final,001,2025-09-30_11h57.18.644,visual search,,2025.1.1,59.94646780433818,2025-09-30 11h57.28.085968 +0530,
14,0,14,[np.float64(0.19722222222222222)],[np.float64(-0.3277777777777778)],[1],[0],[0],[1.0769671000002745],[None],14,0,14,0,16.846316899999692,,5,16.829938200000015,16.846316899999692,16.846316899999692,0.022790200000144978,17.907064300000002,[np.float64(0.19722222222222222)],[np.float64(-0.3277777777777778)],[1],[0],[0],[1.0769671000002745],[None],par_2_final,001,2025-09-30_11h57.18.644,visual search,,2025.1.1,59.94646780433818,2025-09-30 11h57.28.085968 +0530,
15,0,15,[np.float64(-0.08425925925925926)],[np.float64(-0.4)],[1],[0],[0],[1.794881499999974],['target'],15,0,15,0,17.9428783999997,,5,17.92770789999986,17.9428783999997,17.9428783999997,0.02045640000005733,19.722692499999994,[np.float64(-0.08425925925925926)],[np.float64(-0.4)],[1],[0],[0],[1.794881499999974],['target'],par_2_final,001,2025-09-30_11h57.18.644,visual search,,2025.1.1,59.94646780433818,2025-09-30 11h57.28.085968 +0530,
16,0,16,[np.float64(-0.3212962962962963)],[np.float64(0.3277777777777778)],[1],[0],[0],[1.4827118000002883],['target'],16,0,16,0,19.754720500000076,,5,19.740235400000074,19.754720500000076,19.754720500000076,0.017362300000058895,21.223046499999782,[np.float64(-0.3212962962962963)],[np.float64(0.3277777777777778)],[1],[0],[0],[1.4827118000002883],['target'],par_2_final,001,2025-09-30_11h57.18.644,visual search,,2025.1.1,59.94646780433818,2025-09-30 11h57.28.085968 +0530,
17,0,17,[np.float64(-0.17222222222222222)],[np.float64(-0.03611111111111111)],[1],[0],[0],[0.8634115999998357],['target'],17,0,17,0,21.258337899999788,,5,21.24239570000009,21.258337899999788,21.258337899999788,0.019164000000273518,22.105897500000083,[np.float64(-0.17222222222222222)],[np.float64(-0.03611111111111111)],[1],[0],[0],[0.8634115999998357],['target'],par_2_final,001,2025-09-30_11h57.18.644,visual search,,2025.1.1,59.94646780433818,2025-09-30 11h57.28.085968 +0530,
18,0,18,[np.float64(-0.38796296296296295)],[np.float64(-0.4666666666666667)],[1],[0],[0],[1.448091000000204],['target'],18,0,18,0,22.138329299999896,,5,22.124556400000074,22.138329299999896,22.138329299999896,0.018505000000004657,23.572746899999856,[np.float64(-0.38796296296296295)],[np.float64(-0.4666666666666667)],[1],[0],[0],[1.448091000000204],['target'],par_2_final,001,2025-09-30_11h57.18.644,visual search,,2025.1.1,59.94646780433818,2025-09-30 11h57.28.085968 +0530,
19,0,19,[np.float64(-0.2814814814814815)],[np.float64(0.037037037037037035)],[1],[0],[0],[1.1654029999999693],['target'],19,0,19,0,23.604396700000052,,5,23.59065439999995,23.604396700000052,23.604396700000052,0.017721400000027643,24.756166299999677,[np.float64(-0.2814814814814815)],[np.float64(0.037037037037037035)],[1],[0],[0],[1.1654029999999693],['target'],par_2_final,001,2025-09-30_11h57.18.644,visual search,,2025.1.1,59.94646780433818,2025-09-30 11h57.28.085968 +0530,
20,0,20,[np.float64(0.4444444444444444)],[np.float64(-0.22037037037037038)],[1],[0],[0],[1.646040599999651],['target'],20,0,20,0,24.793090599999687,,5,24.77714939999987,24.793090599999687,24.793090599999687,0.020766099999946164,26.423291499999777,[np.float64(0.4444444444444444)],[np.float64(-0.22037037037037038)],[1],[0],[0],[1.646040599999651],['target'],par_2_final,001,2025-09-30_11h57.18.644,visual search,,2025.1.1,59.94646780433818,2025-09-30 11h57.28.085968 +0530,
21,0,21,[np.float64(-0.549074074074074)],[np.float64(0.040740740740740744)],[1],[0],[0],[1.2639884999998685],[None],21,0,21,0,26.45621549999987,,5,26.44189890000007,26.45621549999987,26.45621549999987,0.01842400000032285,27.70597399999997,[np.float64(-0.549074074074074)],[np.float64(0.040740740740740744)],[1],[0],[0],[1.2639884999998685],[None],par_2_final,001,2025-09-30_11h57.18.644,visual search,,2025.1.1,59.94646780433818,2025-09-30 11h57.28.085968 +0530,
22,0,22,[np.float64(0.062037037037037036)],[np.float64(-0.3435185185185185)],[1],[0],[0],[1.145407200000136],[None],22,0,22,0,27.74454999999989,,5,27.727142100000037,27.74454999999989,27.74454999999989,0.021013999999922817,28.872630399999707,[np.float64(0.062037037037037036)],[np.float64(-0.3435185185185185)],[1],[0],[0],[1.145407200000136],[None],par_2_final,001,2025-09-30_11h57.18.644,visual search,,2025.1.1,59.94646780433818,2025-09-30 11h57.28.085968 +0530,
23,0,23,[np.float64(0.23981481481481481)],[np.float64(-0.13518518518518519)],[1],[0],[0],[0.8146034000001237],[None],23,0,23,0,28.905715500000042,,5,28.89131849999967,28.905715500000042,28.905715500000042,0.018510200000037003,29.70600979999972,[np.float64(0.23981481481481481)],[np.float64(-0.13518518518518519)],[1],[0],[0],[0.8146034000001237],[None],par_2_final,001,2025-09-30_11h57.18.644,visual search,,2025.1.1,59.94646780433818,2025-09-30 11h57.28.085968 +0530,
24,0,24,[np.float64(0.06666666666666667)],[np.float64(-0.13703703703703704)],[1],[0],[0],[0.7772267999998803],[None],24,0,24,0,29.74515829999973,,5,29.72847700000011,29.74515829999973,29.74515829999973,0.022306899999875895,30.50598919999993,[np.float64(0.06666666666666667)],[np.float64(-0.13703703703703704)],[1],[0],[0],[0.7772267999998803],[None],par_2_final,001,2025-09-30_11h57.18.644,visual search,,2025.1.1,59.94646780433818,2025-09-30 11h57.28.085968 +0530,
25,0,25,[np.float64(0.45925925925925926)],[np.float64(0.41574074074074074)],[1],[0],[0],[1.4765502999998716],['target'],25,0,25,0,30.566817999999785,,10,30.546332500000062,30.566817999999785,30.566817999999785,0.04017329999987851,32.02300659999992,[np.float64(0.45925925925925926)],[np.float64(0.41574074074074074)],[1],[0],[0],[1.4765502999998716],['target'],par_2_final,001,2025-09-30_11h57.18.644,visual search,,2025.1.1,59.94646780433818,2025-09-30 11h57.28.085968 +0530,
26,0,26,[np.float64(0.025925925925925925)],[np.float64(-0.2796296296296296)],[1],[0],[0],[1.2165319999999156],[None],26,0,26,0,32.074552199999744,,10,32.055895599999985,32.074552199999744,32.074552199999744,0.03256280000005063,33.27254119999998,[np.float64(0.025925925925925925)],[np.float64(-0.2796296296296296)],[1],[0],[0],[1.2165319999999156],[None],par_2_final,001,2025-09-30_11h57.18.644,visual search,,2025.1.1,59.94646780433818,2025-09-30 11h57.28.085968 +0530,
27,0,27,[np.float64(0.4962962962962963)],[np.float64(-0.44907407407407407)],[1],[0],[0],[1.1976645999998254],['target'],27,0,27,0,33.32782959999986,,10,33.30868129999999,33.32782959999986,33.32782959999986,0.035848600000008446,34.50643339999988,[np.float64(0.4962962962962963)],[np.float64(-0.44907407407407407)],[1],[0],[0],[1.1976645999998254],['target'],par_2_final,001,2025-09-30_11h57.18.644,visual search,,2025.1.1,59.94646780433818,2025-09-30 11h57.28.085968 +0530,
28,0,28,[np.float64(0.013888888888888888)],[np.float64(0.3972222222222222)],[1],[0],[0],[1.1979239000002053],['target'],28,0,28,0,34.56004949999988,,10,34.541116800000054,34.56004949999988,34.56004949999988,0.03444830000034926,35.73917780000011,[np.float64(0.013888888888888888)],[np.float64(0.3972222222222222)],[1],[0],[0],[1.1979239000002053],['target'],par_2_final,001,2025-09-30_11h57.18.644,visual search,,2025.1.1,59.94646780433818,2025-09-30 11h57.28.085968 +0530,
29,0,29,[np.float64(-0.04259259259259259)],[np.float64(-0.43425925925925923)],[1],[0],[0],[1.4800737999999],['target'],29,0,29,0,35.77298840000003,,5,35.7593496999998,35.77298840000003,35.77298840000003,0.019879599999967468,37.239511499999935,[np.float64(-0.04259259259259259)],[np.float64(-0.43425925925925923)],[1],[0],[0],[1.4800737999999],['target'],par_2_final,001,2025-09-30_11h57.18.644,visual search,,2025.1.1,59.94646780433818,2025-09-30 11h57.28.085968 +0530,
30,0,30,[np.float64(0.22407407407407406)],[np.float64(-0.48518518518518516)],[1],[0],[0],[1.1645266999998967],['target'],30,0,30,0,37.27455579999969,,5,37.25826559999996,37.27455579999969,37.27455579999969,0.018577999999706662,38.422894799999995,[np.float64(0.22407407407407406)],[np.float64(-0.48518518518518516)],[1],[0],[0],[1.1645266999998967],['target'],par_2_final,001,2025-09-30_11h57.18.644,visual search,,2025.1.1,59.94646780433818,2025-09-30 11h57.28.085968 +0530,
31,0,31,[np.float64(0.5435185185185185)],[np.float64(-0.43425925925925923)],[1],[0],[0],[1.9983766000000287],[None],31,0,31,0,38.455333899999914,,5,38.44076649999988,38.455333899999914,38.455333899999914,0.017693799999960902,40.43923249999989,[np.float64(0.5435185185185185)],[np.float64(-0.43425925925925923)],[1],[0],[0],[1.9983766000000287],[None],par_2_final,001,2025-09-30_11h57.18.644,visual search,,2025.1.1,59.94646780433818,2025-09-30 11h57.28.085968 +0530,
32,0,32,[np.float64(0.2796296296296296)],[np.float64(0.27314814814814814)],[1],[0],[0],[1.4138662000000295],['target'],32,0,32,0,40.49600710000004,,10,40.47548809999989,40.49600710000004,40.49600710000004,0.03608039999971879,41.88950169999998,[np.float64(0.2796296296296296)],[np.float64(0.27314814814814814)],[1],[0],[0],[1.4138662000000295],['target'],par_2_final,001,2025-09-30_11h57.18.644,visual search,,2025.1.1,59.94646780433818,2025-09-30 11h57.28.085968 +0530,
33,0,33,[np.float64(-0.28703703703703703)],[np.float64(-0.09722222222222222)],[1],[0],[0],[1.1337244999999712],[None],33,0,33,0,41.919415899999876,,5,41.90586660000008,41.919415899999876,41.919415899999876,0.01612310000018624,43.03969120000011,[np.float64(-0.28703703703703703)],[np.float64(-0.09722222222222222)],[1],[0],[0],[1.1337244999999712],[None],par_2_final,001,2025-09-30_11h57.18.644,visual search,,2025.1.1,59.94646780433818,2025-09-30 11h57.28.085968 +0530,
34,0,34,[np.float64(-0.44814814814814813)],[np.float64(0.23148148148148148)],[1],[0],[0],[0.9484059999999772],[None],34,0,34,0,43.07543029999988,,5,43.05801229999997,43.07543029999988,43.07543029999988,0.01811309999993682,44.00650949999999,[np.float64(-0.44814814814814813)],[np.float64(0.23148148148148148)],[1],[0],[0],[0.9484059999999772],[None],par_2_final,001,2025-09-30_11h57.18.644,visual search,,2025.1.1,59.94646780433818,2025-09-30 11h57.28.085968 +0530,
35,0,35,[np.float64(-0.06759259259259259)],[np.float64(0.32037037037037036)],[1],[0],[0],[1.131873700000142],[None],35,0,35,0,44.03938849999986,,5,44.02430060000006,44.03938849999986,44.03938849999986,0.017620499999793537,45.156264100000044,[np.float64(-0.06759259259259259)],[np.float64(0.32037037037037036)],[1],[0],[0],[1.131873700000142],[None],par_2_final,001,2025-09-30_11h57.18.644,visual search,,2025.1.1,59.94646780433818,2025-09-30 11h57.28.085968 +0530,
36,0,36,[np.float64(0.4222222222222222)],[np.float64(-0.24444444444444444)],[1],[0],[0],[1.5007723000003352],['target'],36,0,36,0,45.18809119999969,,5,45.173590500000046,45.18809119999969,45.18809119999969,0.01714670000001206,46.674448499999926,[np.float64(0.4222222222222222)],[np.float64(-0.24444444444444444)],[1],[0],[0],[1.5007723000003352],['target'],par_2_final,001,2025-09-30_11h57.18.644,visual search,,2025.1.1,59.94646780433818,2025-09-30 11h57.28.085968 +0530,
37,0,37,[np.float64(-0.13796296296296295)],[np.float64(0.2722222222222222)],[1],[0],[0],[1.329852899999878],[None],37,0,37,0,46.7066605,,5,46.69262949999984,46.7066605,46.7066605,0.01801130000012563,48.022567999999865,[np.float64(-0.13796296296296295)],[np.float64(0.2722222222222222)],[1],[0],[0],[1.329852899999878],[None],par_2_final,001,2025-09-30_11h57.18.644,visual search,,2025.1.1,59.94646780433818,2025-09-30 11h57.28.085968 +0530,
38,0,38,[np.float64(-0.2064814814814815)],[np.float64(-0.40555555555555556)],[1],[0],[0],[1.3653481000001193],['target'],38,0,38,0,48.05502279999973,,5,48.04089870000007,48.05502279999973,48.05502279999973,0.01816629999984798,49.40635169999996,[np.float64(-0.2064814814814815)],[np.float64(-0.40555555555555556)],[1],[0],[0],[1.3653481000001193],['target'],par_2_final,001,2025-09-30_11h57.18.644,visual search,,2025.1.1,59.94646780433818,2025-09-30 11h57.28.085968 +0530,
39,0,39,[np.float64(-0.2490740740740741)],[np.float64(0.4064814814814815)],[1],[0],[0],[1.6316623000002437],['target'],39,0,39,0,49.43984569999975,,5,49.424310200000036,49.43984569999975,49.43984569999975,0.01778939999985596,51.05605190000006,[np.float64(-0.2490740740740741)],[np.float64(0.4064814814814815)],[1],[0],[0],[1.6316623000002437],['target'],par_2_final,001,2025-09-30_11h57.18.644,visual search,,2025.1.1,59.94646780433818,2025-09-30 11h57.28.085968 +0530,
40,0,40,[np.float64(-0.4361111111111111)],[np.float64(-0.19074074074074074)],[1],[0],[0],[1.1594101000000592],[None],40,0,40,0,51.11525829999982,,10,51.096952099999726,51.11525829999982,51.11525829999982,0.04072600000017701,52.25644319999992,[np.float64(-0.4361111111111111)],[np.float64(-0.19074074074074074)],[1],[0],[0],[1.1594101000000592],[None],par_2_final,001,2025-09-30_11h57.18.644,visual search,,2025.1.1,59.94646780433818,2025-09-30 11h57.28.085968 +0530,
41,0,41,[np.float64(0.3685185185185185)],[np.float64(-0.037037037037037035)],[1],[0],[0],[1.0646496000003935],['target'],41,0,41,0,52.287489099999675,,5,52.2742303,52.287489099999675,52.287489099999675,0.017572700000073382,53.33900689999973,[np.float64(0.3685185185185185)],[np.float64(-0.037037037037037035)],[1],[0],[0],[1.0646496000003935],['target'],par_2_final,001,2025-09-30_11h57.18.644,visual search,,2025.1.1,59.94646780433818,2025-09-30 11h57.28.085968 +0530,
42,0,42,[np.float64(-0.2916666666666667)],[np.float64(0.3851851851851852)],[1],[0],[0],[1.6467890999997508],['target'],42,0,42,0,53.39456229999996,,10,53.3759213999997,53.39456229999996,53.39456229999996,0.036740999999892665,55.02280530000007,[np.float64(-0.2916666666666667)],[np.float64(0.3851851851851852)],[1],[0],[0],[1.6467890999997508],['target'],par_2_final,001,2025-09-30_11h57.18.644,visual search,,2025.1.1,59.94646780433818,2025-09-30 11h57.28.085968 +0530,
43,0,43,[np.float64(0.4324074074074074)],[np.float64(-0.43148148148148147)],[1],[0],[0],[1.5655910999998923],[None],43,0,43,0,55.055187699999806,,5,55.04120560000001,55.055187699999806,55.055187699999806,0.018188000000009197,56.606903299999885,[np.float64(0.4324074074074074)],[np.float64(-0.43148148148148147)],[1],[0],[0],[1.5655910999998923],[None],par_2_final,001,2025-09-30_11h57.18.644,visual search,,2025.1.1,59.94646780433818,2025-09-30 11h57.28.085968 +0530,
44,0,44,[np.float64(-0.012037037037037037)],[np.float64(0.2361111111111111)],[1],[0],[0],[1.4611581999997725],['target'],44,0,44,0,56.66474590000007,,10,56.64540699999998,56.66474590000007,56.66474590000007,0.038317000000006374,58.106646400000045,[np.float64(-0.012037037037037037)],[np.float64(0.2361111111111111)],[1],[0],[0],[1.4611581999997725],['target'],par_2_final,001,2025-09-30_11h57.18.644,visual search,,2025.1.1,59.94646780433818,2025-09-30 11h57.28.085968 +0530,
45,0,45,[np.float64(0.3212962962962963)],[np.float64(-0.29907407407407405)],[1],[0],[0],[1.4260887000000366],['target'],45,0,45,0,58.1686423000001,,10,58.14716210000006,58.1686423000001,58.1686423000001,0.04027849999965838,59.573352200000045,[np.float64(0.3212962962962963)],[np.float64(-0.29907407407407405)],[1],[0],[0],[1.4260887000000366],['target'],par_2_final,001,2025-09-30_11h57.18.644,visual search,,2025.1.1,59.94646780433818,2025-09-30 11h57.28.085968 +0530,
46,0,46,[np.float64(0.18055555555555555)],[np.float64(0.14722222222222223)],[1],[0],[0],[0.9295488000002479],[None],46,0,46,0,59.634094600000026,,10,59.611486199999945,59.634094600000026,59.634094600000026,0.03788540000005014,60.541115199999695,[np.float64(0.18055555555555555)],[np.float64(0.14722222222222223)],[1],[0],[0],[0.9295488000002479],[None],par_2_final,001,2025-09-30_11h57.18.644,visual search,,2025.1.1,59.94646780433818,2025-09-30 11h57.28.085968 +0530,
47,0,47,[np.float64(-0.2388888888888889)],[np.float64(0.13240740740740742)],[1],[0],[0],[0.9723632999998699],['target'],47,0,47,0,60.60285369999974,,10,60.5833305000001,60.60285369999974,60.60285369999974,0.04200519999994867,61.55580669999972,[np.float64(-0.2388888888888889)],[np.float64(0.13240740740740742)],[1],[0],[0],[0.9723632999998699],['target'],par_2_final,001,2025-09-30_11h57.18.644,visual search,,2025.1.1,59.94646780433818,2025-09-30 11h57.28.085968 +0530,
48,0,48,[np.float64(-0.2722222222222222)],[np.float64(0.06944444444444445)],[1],[0],[0],[0.7982672000002822],['target'],48,0,48,0,61.58844429999999,,5,61.57463680000001,61.58844429999999,61.58844429999999,0.018345700000281795,62.37299279999979,[np.float64(-0.2722222222222222)],[np.float64(0.06944444444444445)],[1],[0],[0],[0.7982672000002822],['target'],par_2_final,001,2025-09-30_11h57.18.644,visual search,,2025.1.1,59.94646780433818,2025-09-30 11h57.28.085968 +0530,
49,0,49,[np.float64(0.5027777777777778)],[np.float64(0.2824074074074074)],[1],[0],[0],[1.0798085999999785],['target'],49,0,49,0,62.406757299999754,,5,62.392458799999986,62.406757299999754,62.406757299999754,0.019262499999967986,63.47239009999976,[np.float64(0.5027777777777778)],[np.float64(0.2824074074074074)],[1],[0],[0],[1.0798085999999785],['target'],par_2_final,001,2025-09-30_11h57.18.644,visual search,,2025.1.1,59.94646780433818,2025-09-30 11h57.28.085968 +0530,
50,0,50,[np.float64(-0.42592592592592593)],[np.float64(-0.37222222222222223)],[1],[0],[0],[1.230855799999972],[None],50,0,50,0,63.5083254000001,,5,63.49224460000005,63.5083254000001,63.5083254000001,0.019591199999922537,64.7231855,[np.float64(-0.42592592592592593)],[np.float64(-0.37222222222222223)],[1],[0],[0],[1.230855799999972],[None],par_2_final,001,2025-09-30_11h57.18.644,visual search,,2025.1.1,59.94646780433818,2025-09-30 11h57.28.085968 +0530,
51,0,51,[np.float64(0.5)],[np.float64(0.14814814814814814)],[1],[0],[0],[1.6608327000003555],['target'],51,0,51,0,64.78246450000006,,10,64.76234799999975,64.78246450000006,64.78246450000006,0.03901180000002569,66.42326599999978,[np.float64(0.5)],[np.float64(0.14814814814814814)],[1],[0],[0],[1.6608327000003555],['target'],par_2_final,001,2025-09-30_11h57.18.644,visual search,,2025.1.1,59.94646780433818,2025-09-30 11h57.28.085968 +0530,
52,0,52,[np.float64(0.07962962962962963)],[np.float64(0.16111111111111112)],[1],[0],[0],[1.3480156000000534],['target'],52,0,52,0,66.45522029999984,,5,66.44146359999968,66.45522029999984,66.45522029999984,0.017986199999995733,67.78956500000004,[np.float64(0.07962962962962963)],[np.float64(0.16111111111111112)],[1],[0],[0],[1.3480156000000534],['target'],par_2_final,001,2025-09-30_11h57.18.644,visual search,,2025.1.1,59.94646780433818,2025-09-30 11h57.28.085968 +0530,
53,0,53,[np.float64(-0.32407407407407407)],[np.float64(-0.22685185185185186)],[1],[0],[0],[1.731559500000003],['target'],53,0,53,0,67.84423680000009,,10,67.82441659999995,67.84423680000009,67.84423680000009,0.03466000000025815,69.55606429999989,[np.float64(-0.32407407407407407)],[np.float64(-0.22685185185185186)],[1],[0],[0],[1.731559500000003],['target'],par_2_final,001,2025-09-30_11h57.18.644,visual search,,2025.1.1,59.94646780433818,2025-09-30 11h57.28.085968 +0530,
54,0,54,[np.float64(-0.3731481481481482)],[np.float64(0.25925925925925924)],[1],[0],[0],[1.7321228000000701],['target'],54,0,54,0,69.58857659999967,,5,69.57373559999996,69.58857659999967,69.58857659999967,0.01746099999991202,71.3059459000001,[np.float64(-0.3731481481481482)],[np.float64(0.25925925925925924)],[1],[0],[0],[1.7321228000000701],['target'],par_2_final,001,2025-09-30_11h57.18.644,visual search,,2025.1.1,59.94646780433818,2025-09-30 11h57.28.085968 +0530,
55,0,55,[np.float64(-0.29074074074074074)],[np.float64(0.2675925925925926)],[1],[0],[0],[2.3600203000000874],[None],55,0,55,0,71.36664739999969,,10,71.3474170999998,71.36664739999969,71.36664739999969,0.04130609999992885,73.70752510000011,[np.float64(-0.29074074074074074)],[np.float64(0.2675925925925926)],[1],[0],[0],[2.3600203000000874],[None],par_2_final,001,2025-09-30_11h57.18.644,visual search,,2025.1.1,59.94646780433818,2025-09-30 11h57.28.085968 +0530,
56,0,56,[np.float64(0.2722222222222222)],[np.float64(0.3416666666666667)],[1],[0],[0],[2.414395200000399],['target'],56,0,56,0,73.76153990000012,,10,73.74254840000003,73.76153990000012,73.76153990000012,0.03481839999994918,76.15706469999986,[np.float64(0.2722222222222222)],[np.float64(0.3416666666666667)],[1],[0],[0],[2.414395200000399],['target'],par_2_final,001,2025-09-30_11h57.18.644,visual search,,2025.1.1,59.94646780433818,2025-09-30 11h57.28.085968 +0530,
57,0,57,[np.float64(-0.16574074074074074)],[np.float64(0.33796296296296297)],[1],[0],[0],[1.2150207999998202],['target'],57,0,57,0,76.18804399999999,,5,76.17386260000012,76.18804399999999,76.18804399999999,0.0165686000000278,77.38897390000011,[np.float64(-0.16574074074074074)],[np.float64(0.33796296296296297)],[1],[0],[0],[1.2150207999998202],['target'],par_2_final,001,2025-09-30_11h57.18.644,visual search,,2025.1.1,59.94646780433818,2025-09-30 11h57.28.085968 +0530,
58,0,58,[np.float64(-0.38981481481481484)],[np.float64(-0.34074074074074073)],[1],[0],[0],[1.908672900000056],[None],58,0,58,0,77.4502693999998,,10,77.43082199999981,77.4502693999998,77.4502693999998,0.04188320000002932,79.33960549999983,[np.float64(-0.38981481481481484)],[np.float64(-0.34074074074074073)],[1],[0],[0],[1.908672900000056],[None],par_2_final,001,2025-09-30_11h57.18.644,visual search,,2025.1.1,59.94646780433818,2025-09-30 11h57.28.085968 +0530,
59,0,59,[np.float64(0.3111111111111111)],[np.float64(0.43333333333333335)],[1],[0],[0],[1.3263551999998526],['target'],59,0,59,0,79.4037242999998,,10,79.38132919999998,79.4037242999998,79.4037242999998,0.041516499999943335,80.70780969999987,[np.float64(0.3111111111111111)],[np.float64(0.43333333333333335)],[1],[0],[0],[1.3263551999998526],['target'],par_2_final,001,2025-09-30_11h57.18.644,visual search,,2025.1.1,59.94646780433818,2025-09-30 11h57.28.085968 +0530,
60,0,60,[np.float64(0.12685185185185185)],[np.float64(-0.2101851851851852)],[1],[0],[0],[1.4866821000000527],['target'],60,0,60,0,80.77180859999999,,10,80.75330189999977,80.77180859999999,80.77180859999999,0.04518310000003112,82.24006729999974,[np.float64(0.12685185185185185)],[np.float64(-0.2101851851851852)],[1],[0],[0],[1.4866821000000527],['target'],par_2_final,001,2025-09-30_11h57.18.644,visual search,,2025.1.1,59.94646780433818,2025-09-30 11h57.28.085968 +0530,
61,0,61,[np.float64(0.19722222222222222)],[np.float64(0.49166666666666664)],[1],[0],[0],[1.161562700000104],[None],61,0,61,0,82.27734819999978,,5,82.26215809999985,82.27734819999978,82.27734819999978,0.02186470000015106,83.42382049999969,[np.float64(0.19722222222222222)],[np.float64(0.49166666666666664)],[1],[0],[0],[1.161562700000104],[None],par_2_final,001,2025-09-30_11h57.18.644,visual search,,2025.1.1,59.94646780433818,2025-09-30 11h57.28.085968 +0530,
62,0,62,[np.float64(-0.4546296296296296)],[np.float64(0.42777777777777776)],[1],[0],[0],[1.3146357999999054],['target'],62,0,62,0,83.45490130000007,,5,83.44129569999996,83.45490130000007,83.45490130000007,0.01726810000036494,84.75604269999985,[np.float64(-0.4546296296296296)],[np.float64(0.42777777777777776)],[1],[0],[0],[1.3146357999999054],['target'],par_2_final,001,2025-09-30_11h57.18.644,visual search,,2025.1.1,59.94646780433818,2025-09-30 11h57.28.085968 +0530,
63,0,63,[np.float64(-0.16574074074074074)],[np.float64(-0.26481481481481484)],[1],[0],[0],[1.3915719999999965],['target'],63,0,63,0,84.81755720000001,,10,84.79821700000002,84.81755720000001,84.81755720000001,0.041999999999916326,86.18988209999998,[np.float64(-0.16574074074074074)],[np.float64(-0.26481481481481484)],[1],[0],[0],[1.3915719999999965],['target'],par_2_final,001,2025-09-30_11h57.18.644,visual search,,2025.1.1,59.94646780433818,2025-09-30 11h57.28.085968 +0530,
64,0,64,[np.float64(-0.05092592592592592)],[np.float64(-0.005555555555555556)],[1],[0],[0],[1.0135525000000598],['target'],64,0,64,0,86.22401589999981,,5,86.20919049999975,86.22401589999981,86.22401589999981,0.01908960000037041,87.22288249999974,[np.float64(-0.05092592592592592)],[np.float64(-0.005555555555555556)],[1],[0],[0],[1.0135525000000598],['target'],par_2_final,001,2025-09-30_11h57.18.644,visual search,,2025.1.1,59.94646780433818,2025-09-30 11h57.28.085968 +0530,
65,0,65,[np.float64(-0.12129629629629629)],[np.float64(-0.38055555555555554)],[1],[0],[0],[1.3614902999997867],['target'],65,0,65,0,87.25992989999986,,5,87.24488359999987,87.25992989999986,87.25992989999986,0.02176180000014938,88.60646769999994,[np.float64(-0.12129629629629629)],[np.float64(-0.38055555555555554)],[1],[0],[0],[1.3614902999997867],['target'],par_2_final,001,2025-09-30_11h57.18.644,visual search,,2025.1.1,59.94646780433818,2025-09-30 11h57.28.085968 +0530,
66,0,66,[np.float64(0.275)],[np.float64(0.35833333333333334)],[1],[0],[0],[1.5837655000000268],['target'],66,0,66,0,88.65695030000006,,10,88.63892110000006,88.65695030000006,88.65695030000006,0.032274600000164355,90.22277349999968,[np.float64(0.275)],[np.float64(0.35833333333333334)],[1],[0],[0],[1.5837655000000268],['target'],par_2_final,001,2025-09-30_11h57.18.644,visual search,,2025.1.1,59.94646780433818,2025-09-30 11h57.28.085968 +0530,
67,0,67,[np.float64(0.09351851851851851)],[np.float64(-0.49074074074074076)],[1],[0],[0],[1.864377300000342],['target'],67,0,67,0,90.25775609999982,,5,90.2423703999998,90.25775609999982,90.25775609999982,0.019387299999834795,92.10683769999969,[np.float64(0.09351851851851851)],[np.float64(-0.49074074074074076)],[1],[0],[0],[1.864377300000342],['target'],par_2_final,001,2025-09-30_11h57.18.644,visual search,,2025.1.1,59.94646780433818,2025-09-30 11h57.28.085968 +0530,
68,0,68,[np.float64(0.5268518518518519)],[np.float64(0.38425925925925924)],[1],[0],[0],[1.3319053000000167],[None],68,0,68,0,92.13963169999988,,5,92.12466219999988,92.13963169999988,92.13963169999988,0.01765640000030544,93.45665589999999,[np.float64(0.5268518518518519)],[np.float64(0.38425925925925924)],[1],[0],[0],[1.3319053000000167],[None],par_2_final,001,2025-09-30_11h57.18.644,visual search,,2025.1.1,59.94646780433818,2025-09-30 11h57.28.085968 +0530,
69,0,69,[np.float64(0.16111111111111112)],[np.float64(-0.14166666666666666)],[1],[0],[0],[0.9485527000001639],[None],69,0,69,0,93.48819909999975,,5,93.47430170000007,93.48819909999975,93.48819909999975,0.01747690000001967,94.42296480000005,[np.float64(0.16111111111111112)],[np.float64(-0.14166666666666666)],[1],[0],[0],[0.9485527000001639],[None],par_2_final,001,2025-09-30_11h57.18.644,visual search,,2025.1.1,59.94646780433818,2025-09-30 11h57.28.085968 +0530,
70,0,70,[np.float64(-0.4935185185185185)],[np.float64(-0.31851851851851853)],[1],[0],[0],[1.5312404000001152],[None],70,0,70,0,94.47785459999977,,10,94.45906519999971,94.47785459999977,94.47785459999977,0.0359376000001248,95.9903905000001,[np.float64(-0.4935185185185185)],[np.float64(-0.31851851851851853)],[1],[0],[0],[1.5312404000001152],[None],par_2_final,001,2025-09-30_11h57.18.644,visual search,,2025.1.1,59.94646780433818,2025-09-30 11h57.28.085968 +0530,
71,0,71,[np.float64(-0.5194444444444445)],[np.float64(-0.4666666666666667)],[1],[0],[0],[1.2115007000002151],[None],71,0,71,0,96.02604139999994,,5,96.01188989999991,96.02604139999994,96.02604139999994,0.021290099999987433,97.22347749999972,[np.float64(-0.5194444444444445)],[np.float64(-0.4666666666666667)],[1],[0],[0],[1.2115007000002151],[None],par_2_final,001,2025-09-30_11h57.18.644,visual search,,2025.1.1,59.94646780433818,2025-09-30 11h57.28.085968 +0530,
72,0,72,[np.float64(-0.30462962962962964)],[np.float64(0.17222222222222222)],[1],[0],[0],[0.9817662999998902],[None],72,0,72,0,97.25561010000001,,5,97.24159129999998,97.25561010000001,97.25561010000001,0.01794800000016039,98.22344359999988,[np.float64(-0.30462962962962964)],[np.float64(0.17222222222222222)],[1],[0],[0],[0.9817662999998902],[None],par_2_final,001,2025-09-30_11h57.18.644,visual search,,2025.1.1,59.94646780433818,2025-09-30 11h57.28.085968 +0530,
73,0,73,[np.float64(0.24444444444444444)],[np.float64(-0.23333333333333334)],[1],[0],[0],[1.231676900000366],['target'],73,0,73,0,98.25495139999975,,5,98.24121699999978,98.25495139999975,98.25495139999975,0.017597999999907188,99.4729913000001,[np.float64(0.24444444444444444)],[np.float64(-0.23333333333333334)],[1],[0],[0],[1.231676900000366],['target'],par_2_final,001,2025-09-30_11h57.18.644,visual search,,2025.1.1,59.94646780433818,2025-09-30 11h57.28.085968 +0530,
74,0,74,[np.float64(0.3638888888888889)],[np.float64(-0.28425925925925927)],[1],[0],[0],[1.347863999999845],[None],74,0,74,0,99.50685229999999,,5,99.49142350000011,99.50685229999999,99.50685229999999,0.01827210000010382,100.8395244999997,[np.float64(0.3638888888888889)],[np.float64(-0.28425925925925927)],[1],[0],[0],[1.347863999999845],[None],par_2_final,001,2025-09-30_11h57.18.644,visual search,,2025.1.1,59.94646780433818,2025-09-30 11h57.28.085968 +0530,
75,0,75,[np.float64(0.025)],[np.float64(-0.2175925925925926)],[1],[0],[0],[1.0149325000002136],['target'],75,0,75,0,100.87192980000009,,5,100.85778039999968,100.87192980000009,100.87192980000009,0.018083199999637145,101.87280089999967,[np.float64(0.025)],[np.float64(-0.2175925925925926)],[1],[0],[0],[1.0149325000002136],['target'],par_2_final,001,2025-09-30_11h57.18.644,visual search,,2025.1.1,59.94646780433818,2025-09-30 11h57.28.085968 +0530,
76,0,76,[np.float64(-0.5953703703703703)],[np.float64(-0.4425925925925926)],[1],[0],[0],[2.127641600000061],[None],76,0,76,0,101.93375819999983,,10,101.91204289999996,101.93375819999983,101.93375819999983,0.03907680000020264,104.03977789999999,[np.float64(-0.5953703703703703)],[np.float64(-0.4425925925925926)],[1],[0],[0],[2.127641600000061],[None],par_2_final,001,2025-09-30_11h57.18.644,visual search,,2025.1.1,59.94646780433818,2025-09-30 11h57.28.085968 +0530,
77,0,77,[np.float64(0.25555555555555554)],[np.float64(0.08425925925925926)],[1],[0],[0],[1.2320193000000472],['target'],77,0,77,0,104.07271749999973,,5,104.05779499999971,104.07271749999973,104.07271749999973,0.017810299999837298,105.28990049999993,[np.float64(0.25555555555555554)],[np.float64(0.08425925925925926)],[1],[0],[0],[1.2320193000000472],['target'],par_2_final,001,2025-09-30_11h57.18.644,visual search,,2025.1.1,59.94646780433818,2025-09-30 11h57.28.085968 +0530,
78,0,78,[np.float64(-0.2324074074074074)],[np.float64(-0.026851851851851852)],[1],[0],[0],[1.2294944999998734],['target'],78,0,78,0,105.34478489999992,,10,105.32602420000012,105.34478489999992,105.34478489999992,0.03593449999971199,106.55562199999986,[np.float64(-0.2324074074074074)],[np.float64(-0.026851851851851852)],[1],[0],[0],[1.2294944999998734],['target'],par_2_final,001,2025-09-30_11h57.18.644,visual search,,2025.1.1,59.94646780433818,2025-09-30 11h57.28.085968 +0530,
79,0,79,[np.float64(-0.33796296296296297)],[np.float64(-0.2898148148148148)],[1],[0],[0],[1.2664758000000802],['target'],79,0,79,0,106.58747080000012,,5,106.57375739999998,106.58747080000012,106.58747080000012,0.017903500000102213,107.84033709999994,[np.float64(-0.33796296296296297)],[np.float64(-0.2898148148148148)],[1],[0],[0],[1.2664758000000802],['target'],par_2_final,001,2025-09-30_11h57.18.644,visual search,,2025.1.1,59.94646780433818,2025-09-30 11h57.28.085968 +0530,
80,0,80,[np.float64(-0.23703703703703705)],[np.float64(-0.062037037037037036)],[1],[0],[0],[1.0990452999999434],[None],80,0,80,0,107.87142959999983,,5,107.85728049999989,107.87142959999983,107.87142959999983,0.01673350000010032,108.9564105999998,[np.float64(-0.23703703703703705)],[np.float64(-0.062037037037037036)],[1],[0],[0],[1.0990452999999434],[None],par_2_final,001,2025-09-30_11h57.18.644,visual search,,2025.1.1,59.94646780433818,2025-09-30 11h57.28.085968 +0530,
81,0,81,[np.float64(-0.4388888888888889)],[np.float64(0.09351851851851851)],[1],[0],[0],[0.9830296000000089],['target'],81,0,81,0,108.98807929999975,,5,108.97418089999974,108.98807929999975,108.98807929999975,0.017603699999654054,109.95730830000002,[np.float64(-0.4388888888888889)],[np.float64(0.09351851851851851)],[1],[0],[0],[0.9830296000000089],['target'],par_2_final,001,2025-09-30_11h57.18.644,visual search,,2025.1.1,59.94646780433818,2025-09-30 11h57.28.085968 +0530,
82,0,82,[np.float64(-0.35555555555555557)],[np.float64(0.22870370370370371)],[1],[0],[0],[1.044372000000294],['target'],82,0,82,0,110.01381360000005,,10,109.99427969999988,110.01381360000005,110.01381360000005,0.03678880000006757,111.03876480000008,[np.float64(-0.35555555555555557)],[np.float64(0.22870370370370371)],[1],[0],[0],[1.044372000000294],['target'],par_2_final,001,2025-09-30_11h57.18.644,visual search,,2025.1.1,59.94646780433818,2025-09-30 11h57.28.085968 +0530,
83,0,83,[np.float64(0.5027777777777778)],[np.float64(0.5)],[1],[0],[0],[1.4168343000001187],[None],83,0,83,0,111.07101449999982,,5,111.05702249999968,111.07101449999982,111.07101449999982,0.01797099999976126,112.47394439999971,[np.float64(0.5027777777777778)],[np.float64(0.5)],[1],[0],[0],[1.4168343000001187],[None],par_2_final,001,2025-09-30_11h57.18.644,visual search,,2025.1.1,59.94646780433818,2025-09-30 11h57.28.085968 +0530,
84,0,84,[np.float64(0.3453703703703704)],[np.float64(-0.3398148148148148)],[1],[0],[0],[1.9158182000001034],[None],84,0,84,0,112.5061784999998,,5,112.4920761999997,112.5061784999998,112.5061784999998,0.01796809999996185,114.40798779999977,[np.float64(0.3453703703703704)],[np.float64(-0.3398148148148148)],[1],[0],[0],[1.9158182000001034],[None],par_2_final,001,2025-09-30_11h57.18.644,visual search,,2025.1.1,59.94646780433818,2025-09-30 11h57.28.085968 +0530,
85,0,85,[np.float64(-0.05462962962962963)],[np.float64(-0.2074074074074074)],[1],[0],[0],[1.3938476999996965],['target'],85,0,85,0,114.46462709999969,,10,114.44585310000002,114.46462709999969,114.46462709999969,0.03768519999994169,115.83978669999988,[np.float64(-0.05462962962962963)],[np.float64(-0.2074074074074074)],[1],[0],[0],[1.3938476999996965],['target'],par_2_final,001,2025-09-30_11h57.18.644,visual search,,2025.1.1,59.94646780433818,2025-09-30 11h57.28.085968 +0530,
86,0,86,[np.float64(0.22962962962962963)],[np.float64(-0.49907407407407406)],[1],[0],[0],[1.430701400000089],[None],86,0,86,0,115.87389559999974,,5,115.85882149999998,115.87389559999974,115.87389559999974,0.01882759999989503,117.28964880000012,[np.float64(0.22962962962962963)],[np.float64(-0.49907407407407406)],[1],[0],[0],[1.430701400000089],[None],par_2_final,001,2025-09-30_11h57.18.644,visual search,,2025.1.1,59.94646780433818,2025-09-30 11h57.28.085968 +0530,
87,0,87,[np.float64(0.2361111111111111)],[np.float64(0.4)],[1],[0],[0],[2.025388899999598],['target'],87,0,87,0,117.35132780000004,,10,117.3313106999999,117.35132780000004,117.35132780000004,0.04142920000003869,119.35682150000002,[np.float64(0.2361111111111111)],[np.float64(0.4)],[1],[0],[0],[2.025388899999598],['target'],par_2_final,001,2025-09-30_11h57.18.644,visual search,,2025.1.1,59.94646780433818,2025-09-30 11h57.28.085968 +0530,
88,0,88,[np.float64(-0.33796296296296297)],[np.float64(0.3416666666666667)],[1],[0],[0],[1.9301305000003595],[None],88,0,88,0,119.39037289999987,,5,119.37648619999982,119.39037289999987,119.39037289999987,0.019351500000084343,121.30671350000011,[np.float64(-0.33796296296296297)],[np.float64(0.3416666666666667)],[1],[0],[0],[1.9301305000003595],[None],par_2_final,001,2025-09-30_11h57.18.644,visual search,,2025.1.1,59.94646780433818,2025-09-30 11h57.28.085968 +0530,
89,0,89,[np.float64(-0.4722222222222222)],[np.float64(0.37407407407407406)],[1],[0],[0],[1.064625800000158],['target'],89,0,89,0,121.36202969999977,,10,121.34256189999996,121.36202969999977,121.36202969999977,0.03568970000014815,122.4072728000001,[np.float64(-0.4722222222222222)],[np.float64(0.37407407407407406)],[1],[0],[0],[1.064625800000158],['target'],par_2_final,001,2025-09-30_11h57.18.644,visual search,,2025.1.1,59.94646780433818,2025-09-30 11h57.28.085968 +0530,
90,0,90,[np.float64(-0.35185185185185186)],[np.float64(0.32592592592592595)],[1],[0],[0],[1.063157399999909],['target'],90,0,90,0,122.44295009999996,,5,122.42683809999971,122.44295009999996,122.44295009999996,0.019369400000414316,123.49007630000006,[np.float64(-0.35185185185185186)],[np.float64(0.32592592592592595)],[1],[0],[0],[1.063157399999909],['target'],par_2_final,001,2025-09-30_11h57.18.644,visual search,,2025.1.1,59.94646780433818,2025-09-30 11h57.28.085968 +0530,
91,0,91,[np.float64(0.3962962962962963)],[np.float64(0.23981481481481481)],[1],[0],[0],[1.6955592999997862],[None],91,0,91,0,123.5285002999999,,5,123.51209040000003,123.5285002999999,123.5285002999999,0.021842199999809964,125.20776969999997,[np.float64(0.3962962962962963)],[np.float64(0.23981481481481481)],[1],[0],[0],[1.6955592999997862],[None],par_2_final,001,2025-09-30_11h57.18.644,visual search,,2025.1.1,59.94646780433818,2025-09-30 11h57.28.085968 +0530,
92,0,92,[np.float64(0.3814814814814815)],[np.float64(-0.06388888888888888)],[1],[0],[0],[1.8616044999998849],[None],92,0,92,0,125.2662378,,10,125.24488539999993,125.2662378,125.2662378,0.03684830000020156,127.1066109999997,[np.float64(0.3814814814814815)],[np.float64(-0.06388888888888888)],[1],[0],[0],[1.8616044999998849],[None],par_2_final,001,2025-09-30_11h57.18.644,visual search,,2025.1.1,59.94646780433818,2025-09-30 11h57.28.085968 +0530,
93,0,93,[np.float64(0.08611111111111111)],[np.float64(0.046296296296296294)],[1],[0],[0],[0.8517748999997821],['target'],93,0,93,0,127.15761229999998,,10,127.1388981,127.15761229999998,127.15761229999998,0.032044999999925494,127.99079970000003,[np.float64(0.08611111111111111)],[np.float64(0.046296296296296294)],[1],[0],[0],[0.8517748999997821],['target'],par_2_final,001,2025-09-30_11h57.18.644,visual search,,2025.1.1,59.94646780433818,2025-09-30 11h57.28.085968 +0530,
94,0,94,[np.float64(-0.04351851851851852)],[np.float64(0.5)],[1],[0],[0],[1.2360889999999927],[None],94,0,94,0,128.03625609999972,,5,128.02051029999984,128.03625609999972,128.03625609999972,0.02939890000016021,129.2566827999999,[np.float64(-0.04351851851851852)],[np.float64(0.5)],[1],[0],[0],[1.2360889999999927],[None],par_2_final,001,2025-09-30_11h57.18.644,visual search,,2025.1.1,59.94646780433818,2025-09-30 11h57.28.085968 +0530,
95,0,95,[np.float64(0.5879629629629629)],[np.float64(0.47962962962962963)],[1],[0],[0],[1.546377399999983],[None],95,0,95,0,129.29122729999972,,5,129.27675309999995,129.29122729999972,129.29122729999972,0.019904199999928096,130.82322699999986,[np.float64(0.5879629629629629)],[np.float64(0.47962962962962963)],[1],[0],[0],[1.546377399999983],[None],par_2_final,001,2025-09-30_11h57.18.644,visual search,,2025.1.1,59.94646780433818,2025-09-30 11h57.28.085968 +0530,
96,0,96,[np.float64(0.18703703703703703)],[np.float64(0.26944444444444443)],[1],[0],[0],[0.9316466999998738],[None],96,0,96,0,130.8553412000001,,5,130.84141670000008,130.8553412000001,130.8553412000001,0.018007699999998295,131.7731485999998,[np.float64(0.18703703703703703)],[np.float64(0.26944444444444443)],[1],[0],[0],[0.9316466999998738],[None],par_2_final,001,2025-09-30_11h57.18.644,visual search,,2025.1.1,59.94646780433818,2025-09-30 11h57.28.085968 +0530,
97,0,97,[np.float64(0.11851851851851852)],[np.float64(0.049074074074074076)],[1],[0],[0],[1.3153274000001147],['target'],97,0,97,0,131.82737369999995,,10,131.80799849999994,131.82737369999995,131.82737369999995,0.0346863999998277,133.1234282999999,[np.float64(0.11851851851851852)],[np.float64(0.049074074074074076)],[1],[0],[0],[1.3153274000001147],['target'],par_2_final,001,2025-09-30_11h57.18.644,visual search,,2025.1.1,59.94646780433818,2025-09-30 11h57.28.085968 +0530,
98,0,98,[np.float64(0.3574074074074074)],[np.float64(0.5)],[1],[0],[0],[1.2283123000001979],['target'],98,0,98,0,133.15899209999998,,5,133.14457559999983,133.15899209999998,133.15899209999998,0.020892900000035297,134.37300860000005,[np.float64(0.3574074074074074)],[np.float64(0.5)],[1],[0],[0],[1.2283123000001979],['target'],par_2_final,001,2025-09-30_11h57.18.644,visual search,,2025.1.1,59.94646780433818,2025-09-30 11h57.28.085968 +0530,
99,0,99,[np.float64(-0.4166666666666667)],[np.float64(-0.15462962962962962)],[1],[0],[0],[1.429603699999916],['target'],99,0,99,0,134.4304191000001,,10,134.4104271000001,134.4304191000001,134.4304191000001,0.03716440000016519,135.84012159999975,[np.float64(-0.4166666666666667)],[np.float64(-0.15462962962962962)],[1],[0],[0],[1.429603699999916],['target'],par_2_final,001,2025-09-30_11h57.18.644,visual search,,2025.1.1,59.94646780433818,2025-09-30 11h57.28.085968 +0530,
100,0,100,[np.float64(-0.22407407407407406)],[np.float64(0.3824074074074074)],[1],[0],[0],[1.4115248000002794],[None],100,0,100,0,135.87771889999976,,5,135.86160100000006,135.87771889999976,135.87771889999976,0.021290200000294135,137.2731974999997,[np.float64(-0.22407407407407406)],[np.float64(0.3824074074074074)],[1],[0],[0],[1.4115248000002794],[None],par_2_final,001,2025-09-30_11h57.18.644,visual search,,2025.1.1,59.94646780433818,2025-09-30 11h57.28.085968 +0530,
101,0,101,[np.float64(0.18425925925925926)],[np.float64(0.4027777777777778)],[1],[0],[0],[1.1282028999999056],['target'],101,0,101,0,137.3106826999997,,5,137.2946890999997,137.3106826999997,137.3106826999997,0.02133899999989808,138.4229823999999,[np.float64(0.18425925925925926)],[np.float64(0.4027777777777778)],[1],[0],[0],[1.1282028999999056],['target'],par_2_final,001,2025-09-30_11h57.18.644,visual search,,2025.1.1,59.94646780433818,2025-09-30 11h57.28.085968 +0530,
102,0,102,[np.float64(-0.487962962962963)],[np.float64(-0.27685185185185185)],[1],[0],[0],[1.9482523000001493],['target'],102,0,102,0,138.4770281000001,,10,138.45791169999984,138.4770281000001,138.4770281000001,0.03475290000005771,140.40625409999984,[np.float64(-0.487962962962963)],[np.float64(-0.27685185185185185)],[1],[0],[0],[1.9482523000001493],['target'],par_2_final,001,2025-09-30_11h57.18.644,visual search,,2025.1.1,59.94646780433818,2025-09-30 11h57.28.085968 +0530,
103,0,103,[np.float64(0.021296296296296296)],[np.float64(0.44537037037037036)],[1],[0],[0],[1.5652148999997735],['target'],103,0,103,0,140.43993009999986,,5,140.42513039999994,140.43993009999986,140.43993009999986,0.018673600000056467,141.99043529999972,[np.float64(0.021296296296296296)],[np.float64(0.44537037037037036)],[1],[0],[0],[1.5652148999997735],['target'],par_2_final,001,2025-09-30_11h57.18.644,visual search,,2025.1.1,59.94646780433818,2025-09-30 11h57.28.085968 +0530,
104,0,104,[np.float64(-0.009259259259259259)],[np.float64(0.1962962962962963)],[1],[0],[0],[0.9965587000001506],['target'],104,0,104,0,142.04735919999985,,10,142.02707869999995,142.04735919999985,142.04735919999985,0.03646170000001803,143.02373129999978,[np.float64(-0.009259259259259259)],[np.float64(0.1962962962962963)],[1],[0],[0],[0.9965587000001506],['target'],par_2_final,001,2025-09-30_11h57.18.644,visual search,,2025.1.1,59.94646780433818,2025-09-30 11h57.28.085968 +0530,
105,0,105,[np.float64(-0.2212962962962963)],[np.float64(0.4564814814814815)],[1],[0],[0],[0.8307511000002705],['target'],105,0,105,0,143.05702239999982,,5,143.04234159999987,143.05702239999982,143.05702239999982,0.018397600000298553,143.8731743999997,[np.float64(-0.2212962962962963)],[np.float64(0.4564814814814815)],[1],[0],[0],[0.8307511000002705],['target'],par_2_final,001,2025-09-30_11h57.18.644,visual search,,2025.1.1,59.94646780433818,2025-09-30 11h57.28.085968 +0530,
106,0,106,[np.float64(0.028703703703703703)],[np.float64(0.025925925925925925)],[1],[0],[0],[1.507173099999818],[None],106,0,106,0,143.93644859999995,,10,143.91657209999994,143.93644859999995,143.93644859999995,0.04323729999987336,145.42383269999982,[np.float64(0.028703703703703703)],[np.float64(0.025925925925925925)],[1],[0],[0],[1.507173099999818],[None],par_2_final,001,2025-09-30_11h57.18.644,visual search,,2025.1.1,59.94646780433818,2025-09-30 11h57.28.085968 +0530,
107,0,107,[np.float64(-0.46574074074074073)],[np.float64(-0.1685185185185185)],[1],[0],[0],[2.012020300000131],['target'],107,0,107,0,145.48164739999993,,10,145.4614203000001,145.48164739999993,145.48164739999993,0.037390399999821966,147.4735737000001,[np.float64(-0.46574074074074073)],[np.float64(-0.1685185185185185)],[1],[0],[0],[2.012020300000131],['target'],par_2_final,001,2025-09-30_11h57.18.644,visual search,,2025.1.1,59.94646780433818,2025-09-30 11h57.28.085968 +0530,
108,0,108,[np.float64(0.4425925925925926)],[np.float64(-0.06666666666666667)],[1],[0],[0],[1.5436205000000882],[None],108,0,108,0,147.51170969999976,,5,147.4961672999998,147.51170969999976,147.51170969999976,0.022300999999970372,149.03986200000008,[np.float64(0.4425925925925926)],[np.float64(-0.06666666666666667)],[1],[0],[0],[1.5436205000000882],[None],par_2_final,001,2025-09-30_11h57.18.644,visual search,,2025.1.1,59.94646780433818,2025-09-30 11h57.28.085968 +0530,
109,0,109,[np.float64(0.19722222222222222)],[np.float64(0.37407407407407406)],[1],[0],[0],[1.3764549999996234],['target'],109,0,109,0,149.10346519999985,,10,149.080105,149.10346519999985,149.10346519999985,0.04006280000021434,150.4566474999997,[np.float64(0.19722222222222222)],[np.float64(0.37407407407407406)],[1],[0],[0],[1.3764549999996234],['target'],par_2_final,001,2025-09-30_11h57.18.644,visual search,,2025.1.1,59.94646780433818,2025-09-30 11h57.28.085968 +0530,
110,0,110,[np.float64(-0.4462962962962963)],[np.float64(-0.12222222222222222)],[1],[0],[0],[1.4321159999999509],[None],110,0,110,0,150.48897929999976,,5,150.4750495999997,150.48897929999976,150.48897929999976,0.01819389999991472,151.90727239999978,[np.float64(-0.4462962962962963)],[np.float64(-0.12222222222222222)],[1],[0],[0],[1.4321159999999509],[None],par_2_final,001,2025-09-30_11h57.18.644,visual search,,2025.1.1,59.94646780433818,2025-09-30 11h57.28.085968 +0530,
111,0,111,[np.float64(0.46296296296296297)],[np.float64(-0.1175925925925926)],[1],[0],[0],[2.1567301000000043],['target'],111,0,111,0,151.99280629999976,,10,151.96518639999977,151.99280629999976,151.99280629999976,0.05771499999991647,154.1219769999998,[np.float64(0.46296296296296297)],[np.float64(-0.1175925925925926)],[1],[0],[0],[2.1567301000000043],['target'],par_2_final,001,2025-09-30_11h57.18.644,visual search,,2025.1.1,59.94646780433818,2025-09-30 11h57.28.085968 +0530,
112,0,112,[np.float64(0.4666666666666667)],[np.float64(-0.49074074074074076)],[1],[0],[0],[1.7259994999999435],['target'],112,0,112,0,154.1867511999999,,10,154.16242919999968,154.1867511999999,154.1867511999999,0.040240799999992305,155.8885124999997,[np.float64(0.4666666666666667)],[np.float64(-0.49074074074074076)],[1],[0],[0],[1.7259994999999435],['target'],par_2_final,001,2025-09-30_11h57.18.644,visual search,,2025.1.1,59.94646780433818,2025-09-30 11h57.28.085968 +0530,
113,0,113,[np.float64(-0.2101851851851852)],[np.float64(0.020370370370370372)],[1],[0],[0],[1.3642914000001838],['target'],113,0,113,0,155.92338579999978,,5,155.91015459999971,155.92338579999978,155.92338579999978,0.02143519999981436,157.2745377000001,[np.float64(-0.2101851851851852)],[np.float64(0.020370370370370372)],[1],[0],[0],[1.3642914000001838],['target'],par_2_final,001,2025-09-30_11h57.18.644,visual search,,2025.1.1,59.94646780433818,2025-09-30 11h57.28.085968 +0530,
114,0,114,[np.float64(0.4546296296296296)],[np.float64(0.07777777777777778)],[1],[0],[0],[0.9875399999996262],[None],114,0,114,0,157.33917070000007,,10,157.3188313999999,157.33917070000007,157.33917070000007,0.044140299999980925,158.3065115999998,[np.float64(0.4546296296296296)],[np.float64(0.07777777777777778)],[1],[0],[0],[0.9875399999996262],[None],par_2_final,001,2025-09-30_11h57.18.644,visual search,,2025.1.1,59.94646780433818,2025-09-30 11h57.28.085968 +0530,
115,0,115,[np.float64(0.11944444444444445)],[np.float64(0.09166666666666666)],[1],[0],[0],[0.854147500000181],['target'],115,0,115,0,158.37676039999997,,10,158.3517185999999,158.37676039999997,158.37676039999997,0.04488390000005893,159.20595400000002,[np.float64(0.11944444444444445)],[np.float64(0.09166666666666666)],[1],[0],[0],[0.854147500000181],['target'],par_2_final,001,2025-09-30_11h57.18.644,visual search,,2025.1.1,59.94646780433818,2025-09-30 11h57.28.085968 +0530,
116,0,116,[np.float64(-0.2861111111111111)],[np.float64(0.20092592592592592)],[1],[0],[0],[1.8064148000003115],['target'],116,0,116,0,159.26931650000006,,10,159.25036619999992,159.26931650000006,159.26931650000006,0.04394540000021152,161.0569086999999,[np.float64(-0.2861111111111111)],[np.float64(0.20092592592592592)],[1],[0],[0],[1.8064148000003115],['target'],par_2_final,001,2025-09-30_11h57.18.644,visual search,,2025.1.1,59.94646780433818,2025-09-30 11h57.28.085968 +0530,
117,0,117,[np.float64(-0.5027777777777778)],[np.float64(-0.15092592592592594)],[1],[0],[0],[1.2941892999997435],['target'],117,0,117,0,161.11436090000007,,10,161.0950985999998,161.11436090000007,161.11436090000007,0.03789330000017799,162.38938009999993,[np.float64(-0.5027777777777778)],[np.float64(-0.15092592592592594)],[1],[0],[0],[1.2941892999997435],['target'],par_2_final,001,2025-09-30_11h57.18.644,visual search,,2025.1.1,59.94646780433818,2025-09-30 11h57.28.085968 +0530,
118,0,118,[np.float64(-0.3296296296296296)],[np.float64(-0.2101851851851852)],[1],[0],[0],[1.1147408000001633],['target'],118,0,118,0,162.4226762999997,,5,162.40899469999977,162.4226762999997,162.4226762999997,0.019385200000215264,163.52382559999978,[np.float64(-0.3296296296296296)],[np.float64(-0.2101851851851852)],[1],[0],[0],[1.1147408000001633],['target'],par_2_final,001,2025-09-30_11h57.18.644,visual search,,2025.1.1,59.94646780433818,2025-09-30 11h57.28.085968 +0530,
119,0,119,[np.float64(-0.4601851851851852)],[np.float64(0.10740740740740741)],[1],[0],[0],[0.8130931000000601],['target'],119,0,119,0,163.55893539999988,,5,163.54363220000005,163.55893539999988,163.55893539999988,0.01961059999985082,164.35675330000004,[np.float64(-0.4601851851851852)],[np.float64(0.10740740740740741)],[1],[0],[0],[0.8130931000000601],['target'],par_2_final,001,2025-09-30_11h57.18.644,visual search,,2025.1.1,59.94646780433818,2025-09-30 11h57.28.085968 +0530,
120,0,120,[np.float64(0.42314814814814816)],[np.float64(0.37037037037037035)],[1],[0],[0],[2.0140329999999267],['target'],120,0,120,0,164.4136564999999,,10,164.3920637000001,164.4136564999999,164.4136564999999,0.035131400000409485,166.4061913999999,[np.float64(0.42314814814814816)],[np.float64(0.37037037037037035)],[1],[0],[0],[2.0140329999999267],['target'],par_2_final,001,2025-09-30_11h57.18.644,visual search,,2025.1.1,59.94646780433818,2025-09-30 11h57.28.085968 +0530,
121,0,121,[np.float64(0.17222222222222222)],[np.float64(-0.36203703703703705)],[1],[0],[0],[1.814016399999673],['target'],121,0,121,0,166.4618571000001,,10,166.44269609999992,166.4618571000001,166.4618571000001,0.036259399999835296,168.25679459999992,[np.float64(0.17222222222222222)],[np.float64(-0.36203703703703705)],[1],[0],[0],[1.814016399999673],['target'],par_2_final,001,2025-09-30_11h57.18.644,visual search,,2025.1.1,59.94646780433818,2025-09-30 11h57.28.085968 +0530,
122,0,122,[np.float64(0.22962962962962963)],[np.float64(0.3527777777777778)],[1],[0],[0],[1.265001900000243],['target'],122,0,122,0,168.29127319999998,,5,168.2763089,168.29127319999998,168.29127319999998,0.019312300000365212,169.5414010999998,[np.float64(0.22962962962962963)],[np.float64(0.3527777777777778)],[1],[0],[0],[1.265001900000243],['target'],par_2_final,001,2025-09-30_11h57.18.644,visual search,,2025.1.1,59.94646780433818,2025-09-30 11h57.28.085968 +0530,
123,0,123,[np.float64(-0.2518518518518518)],[np.float64(-0.4583333333333333)],[1],[0],[0],[1.4140889999998763],['target'],123,0,123,0,169.57363080000005,,5,169.5597219000001,169.57363080000005,169.57363080000005,0.01815119999992021,170.9739187,[np.float64(-0.2518518518518518)],[np.float64(-0.4583333333333333)],[1],[0],[0],[1.4140889999998763],['target'],par_2_final,001,2025-09-30_11h57.18.644,visual search,,2025.1.1,59.94646780433818,2025-09-30 11h57.28.085968 +0530,
124,0,124,[np.float64(-0.45740740740740743)],[np.float64(-0.2)],[1],[0],[0],[1.3731376999999156],['target'],124,0,124,0,171.03635759999997,,10,171.01713500000005,171.03635759999997,171.03635759999997,0.04304489999958605,172.39036459999988,[np.float64(-0.45740740740740743)],[np.float64(-0.2)],[1],[0],[0],[1.3731376999999156],['target'],par_2_final,001,2025-09-30_11h57.18.644,visual search,,2025.1.1,59.94646780433818,2025-09-30 11h57.28.085968 +0530,
125,0,125,[np.float64(0.4101851851851852)],[np.float64(0.03518518518518519)],[1],[0],[0],[1.5454813999999715],['target'],125,0,125,0,172.45012429999997,,10,172.4280392999999,172.45012429999997,172.45012429999997,0.03747509999993781,173.97361379999984,[np.float64(0.4101851851851852)],[np.float64(0.03518518518518519)],[1],[0],[0],[1.5454813999999715],['target'],par_2_final,001,2025-09-30_11h57.18.644,visual search,,2025.1.1,59.94646780433818,2025-09-30 11h57.28.085968 +0530,
126,0,126,[np.float64(0.0)],[np.float64(-0.10648148148148148)],[1],[0],[0],[1.3658645999998953],['target'],126,0,126,0,174.00569219999988,,5,173.9916721999998,174.00569219999988,174.00569219999988,0.0178144000001339,175.35762579999982,[np.float64(0.0)],[np.float64(-0.10648148148148148)],[1],[0],[0],[1.3658645999998953],['target'],par_2_final,001,2025-09-30_11h57.18.644,visual search,,2025.1.1,59.94646780433818,2025-09-30 11h57.28.085968 +0530,
127,0,127,[np.float64(-0.387037037037037)],[np.float64(0.032407407407407406)],[1],[0],[0],[0.991800400000102],['target'],127,0,127,0,175.41832840000006,,10,175.39764539999987,175.41832840000006,175.41832840000006,0.039853900000252906,176.3895448999997,[np.float64(-0.387037037037037)],[np.float64(0.032407407407407406)],[1],[0],[0],[0.991800400000102],['target'],par_2_final,001,2025-09-30_11h57.18.644,visual search,,2025.1.1,59.94646780433818,2025-09-30 11h57.28.085968 +0530,
128,0,128,[np.float64(0.04722222222222222)],[np.float64(-0.3037037037037037)],[1],[0],[0],[1.5649177999998756],['target'],128,0,128,0,176.42362869999988,,5,176.40897659999973,176.42362869999988,176.42362869999988,0.019200500000351894,177.9739942000001,[np.float64(0.04722222222222222)],[np.float64(-0.3037037037037037)],[1],[0],[0],[1.5649177999998756],['target'],par_2_final,001,2025-09-30_11h57.18.644,visual search,,2025.1.1,59.94646780433818,2025-09-30 11h57.28.085968 +0530,
129,0,129,[np.float64(-0.3472222222222222)],[np.float64(0.09444444444444444)],[1],[0],[0],[1.114317800000208],['target'],129,0,129,0,178.00717720000011,,5,177.9924019,178.00717720000011,178.00717720000011,0.018236999999771797,179.10682850000012,[np.float64(-0.3472222222222222)],[np.float64(0.09444444444444444)],[1],[0],[0],[1.114317800000208],['target'],par_2_final,001,2025-09-30_11h57.18.644,visual search,,2025.1.1,59.94646780433818,2025-09-30 11h57.28.085968 +0530,
130,0,130,[np.float64(-0.40185185185185185)],[np.float64(-0.11388888888888889)],[1],[0],[0],[1.610609299999851],['target'],130,0,130,0,179.16546500000004,,10,179.14621480000005,179.16546500000004,179.16546500000004,0.03915630000028614,180.75692359999994,[np.float64(-0.40185185185185185)],[np.float64(-0.11388888888888889)],[1],[0],[0],[1.610609299999851],['target'],par_2_final,001,2025-09-30_11h57.18.644,visual search,,2025.1.1,59.94646780433818,2025-09-30 11h57.28.085968 +0530,
131,0,131,[np.float64(-0.412962962962963)],[np.float64(-0.22407407407407406)],[1],[0],[0],[0.8819644000000153],['target'],131,0,131,0,180.78974639999979,,5,180.7755118,180.78974639999979,180.78974639999979,0.018354899999849295,181.6575739,[np.float64(-0.412962962962963)],[np.float64(-0.22407407407407406)],[1],[0],[0],[0.8819644000000153],['target'],par_2_final,001,2025-09-30_11h57.18.644,visual search,,2025.1.1,59.94646780433818,2025-09-30 11h57.28.085968 +0530,
132,0,132,[np.float64(0.023148148148148147)],[np.float64(-0.37037037037037035)],[1],[0],[0],[2.7131964000000153],[None],132,0,132,0,181.6931227,,5,181.67701230000011,181.6931227,181.6931227,0.019246800000018993,184.39032850000012,[np.float64(0.023148148148148147)],[np.float64(-0.37037037037037035)],[1],[0],[0],[2.7131964000000153],[None],par_2_final,001,2025-09-30_11h57.18.644,visual search,,2025.1.1,59.94646780433818,2025-09-30 11h57.28.085968 +0530,
133,0,133,[np.float64(0.38796296296296295)],[np.float64(0.2611111111111111)],[1],[0],[0],[1.8309397000002718],['target'],133,0,133,0,184.42382739999994,,5,184.41042190000007,184.42382739999994,184.42382739999994,0.019799799999873358,186.2414401000001,[np.float64(0.38796296296296295)],[np.float64(0.2611111111111111)],[1],[0],[0],[1.8309397000002718],['target'],par_2_final,001,2025-09-30_11h57.18.644,visual search,,2025.1.1,59.94646780433818,2025-09-30 11h57.28.085968 +0530,
134,0,134,[np.float64(0.3175925925925926)],[np.float64(0.3277777777777778)],[1],[0],[0],[0.9272777999999562],[None],134,0,134,0,186.2986751999997,,10,186.27974099999983,186.2986751999997,186.2986751999997,0.038142599999900995,187.2071192999997,[np.float64(0.3175925925925926)],[np.float64(0.3277777777777778)],[1],[0],[0],[0.9272777999999562],[None],par_2_final,001,2025-09-30_11h57.18.644,visual search,,2025.1.1,59.94646780433818,2025-09-30 11h57.28.085968 +0530,
135,0,135,[np.float64(-0.4925925925925926)],[np.float64(0.39814814814814814)],[1],[0],[0],[4.517558600000029],['target'],135,0,135,0,187.25709740000002,,10,187.23888239999997,187.25709740000002,187.25709740000002,0.0315429000002041,191.7565798999999,[np.float64(-0.4925925925925926)],[np.float64(0.39814814814814814)],[1],[0],[0],[4.517558600000029],['target'],par_2_final,001,2025-09-30_11h57.18.644,visual search,,2025.1.1,59.94646780433818,2025-09-30 11h57.28.085968 +0530,
136,0,136,[np.float64(0.2712962962962963)],[np.float64(0.3824074074074074)],[1],[0],[0],[2.0151096999998117],[None],136,0,136,0,191.78910869999982,,5,191.77503230000002,191.78910869999982,191.78910869999982,0.018178199999965727,193.7902306000001,[np.float64(0.2712962962962963)],[np.float64(0.3824074074074074)],[1],[0],[0],[2.0151096999998117],[None],par_2_final,001,2025-09-30_11h57.18.644,visual search,,2025.1.1,59.94646780433818,2025-09-30 11h57.28.085968 +0530,
137,0,137,[np.float64(0.4101851851851852)],[np.float64(0.462037037037037)],[1],[0],[0],[4.446658500000012],['target'],137,0,137,0,193.84685609999997,,10,193.82764279999992,193.84685609999997,193.84685609999997,0.0372205000003305,198.2744330999999,[np.float64(0.4101851851851852)],[np.float64(0.462037037037037)],[1],[0],[0],[4.446658500000012],['target'],par_2_final,001,2025-09-30_11h57.18.644,visual search,,2025.1.1,59.94646780433818,2025-09-30 11h57.28.085968 +0530,
138,0,138,[np.float64(0.4425925925925926)],[np.float64(0.3814814814814815)],[1],[0],[0],[0.8956112000000758],['target'],138,0,138,0,198.33484899999985,,10,198.31284499999992,198.33484899999985,198.33484899999985,0.03818219999993744,199.20854569999983,[np.float64(0.4425925925925926)],[np.float64(0.3814814814814815)],[1],[0],[0],[0.8956112000000758],['target'],par_2_final,001,2025-09-30_11h57.18.644,visual search,,2025.1.1,59.94646780433818,2025-09-30 11h57.28.085968 +0530,
139,0,139,[np.float64(-0.48703703703703705)],[np.float64(-0.2574074074074074)],[1],[0],[0],[2.1954602999999224],['target'],139,0,139,0,199.24436620000006,,5,199.22987349999994,199.24436620000006,199.24436620000006,0.021112100000209466,201.42539289999968,[np.float64(-0.48703703703703705)],[np.float64(-0.2574074074074074)],[1],[0],[0],[2.1954602999999224],['target'],par_2_final,001,2025-09-30_11h57.18.644,visual search,,2025.1.1,59.94646780433818,2025-09-30 11h57.28.085968 +0530,
140,0,140,[np.float64(0.49166666666666664)],[np.float64(-0.3638888888888889)],[1],[0],[0],[1.9566657000000305],['target'],140,0,140,0,201.46722569999974,,5,201.44934539999986,201.46722569999974,201.46722569999974,0.023778499999934866,203.4060959999997,[np.float64(0.49166666666666664)],[np.float64(-0.3638888888888889)],[1],[0],[0],[1.9566657000000305],['target'],par_2_final,001,2025-09-30_11h57.18.644,visual search,,2025.1.1,59.94646780433818,2025-09-30 11h57.28.085968 +0530,
141,0,141,[np.float64(-0.03796296296296296)],[np.float64(0.24722222222222223)],[1],[0],[0],[1.5647045999999136],[None],141,0,141,0,203.4416857000001,,5,203.42550669999991,203.4416857000001,203.4416857000001,0.019219499999962864,204.99031579999973,[np.float64(-0.03796296296296296)],[np.float64(0.24722222222222223)],[1],[0],[0],[1.5647045999999136],[None],par_2_final,001,2025-09-30_11h57.18.644,visual search,,2025.1.1,59.94646780433818,2025-09-30 11h57.28.085968 +0530,
142,0,142,[np.float64(0.1537037037037037)],[np.float64(0.18703703703703703)],[1],[0],[0],[0.7797617999999602],['target'],142,0,142,0,205.0462662,,10,205.02642650000007,205.0462662,205.0462662,0.035935699999754434,205.80628609999985,[np.float64(0.1537037037037037)],[np.float64(0.18703703703703703)],[1],[0],[0],[0.7797617999999602],['target'],par_2_final,001,2025-09-30_11h57.18.644,visual search,,2025.1.1,59.94646780433818,2025-09-30 11h57.28.085968 +0530,
143,0,143,[np.float64(0.4111111111111111)],[np.float64(0.43425925925925923)],[1],[0],[0],[1.9475528000002669],['target'],143,0,143,0,205.84024249999993,,5,205.82612579999977,205.84024249999993,205.84024249999993,0.019617799999650742,207.7737747000001,[np.float64(0.4111111111111111)],[np.float64(0.43425925925925923)],[1],[0],[0],[1.9475528000002669],['target'],par_2_final,001,2025-09-30_11h57.18.644,visual search,,2025.1.1,59.94646780433818,2025-09-30 11h57.28.085968 +0530,
144,0,144,[np.float64(0.32592592592592595)],[np.float64(0.3611111111111111)],[1],[0],[0],[0.7649868000003153],[None],144,0,144,0,207.80675650000012,,5,207.79147239999975,207.80675650000012,207.80675650000012,0.01749240000026475,208.55654400000003,[np.float64(0.32592592592592595)],[np.float64(0.3611111111111111)],[1],[0],[0],[0.7649868000003153],[None],par_2_final,001,2025-09-30_11h57.18.644,visual search,,2025.1.1,59.94646780433818,2025-09-30 11h57.28.085968 +0530,
145,0,145,[np.float64(-0.40925925925925927)],[np.float64(-0.45092592592592595)],[1],[0],[0],[2.1434731999997894],['target'],145,0,145,0,208.6156216999998,,10,208.59610410000005,208.6156216999998,208.6156216999998,0.03940809999994599,210.73970069999996,[np.float64(-0.40925925925925927)],[np.float64(-0.45092592592592595)],[1],[0],[0],[2.1434731999997894],['target'],par_2_final,001,2025-09-30_11h57.18.644,visual search,,2025.1.1,59.94646780433818,2025-09-30 11h57.28.085968 +0530,
146,0,146,[np.float64(0.06481481481481481)],[np.float64(0.07037037037037037)],[1],[0],[0],[0.9964692999997169],['target'],146,0,146,0,210.77675,,5,210.76000919999979,210.77675,210.77675,0.019997500000044965,211.75658939999994,[np.float64(0.06481481481481481)],[np.float64(0.07037037037037037)],[1],[0],[0],[0.9964692999997169],['target'],par_2_final,001,2025-09-30_11h57.18.644,visual search,,2025.1.1,59.94646780433818,2025-09-30 11h57.28.085968 +0530,
147,0,147,[np.float64(0.03611111111111111)],[np.float64(-0.4462962962962963)],[1],[0],[0],[1.4120961999997235],['target'],147,0,147,0,211.79348570000002,,5,211.77798989999974,211.79348570000002,211.79348570000002,0.02117069999985688,213.19022509999968,[np.float64(0.03611111111111111)],[np.float64(-0.4462962962962963)],[1],[0],[0],[1.4120961999997235],['target'],par_2_final,001,2025-09-30_11h57.18.644,visual search,,2025.1.1,59.94646780433818,2025-09-30 11h57.28.085968 +0530,
148,0,148,[np.float64(0.003703703703703704)],[np.float64(0.10277777777777777)],[1],[0],[0],[0.9596049000001585],['target'],148,0,148,0,213.23126700000012,,5,213.2141741999999,213.23126700000012,213.23126700000012,0.02361590000009528,214.1738704999998,[np.float64(0.003703703703703704)],[np.float64(0.10277777777777777)],[1],[0],[0],[0.9596049000001585],['target'],par_2_final,001,2025-09-30_11h57.18.644,visual search,,2025.1.1,59.94646780433818,2025-09-30 11h57.28.085968 +0530,
149,0,149,[np.float64(-0.29907407407407405)],[np.float64(0.175)],[1],[0],[0],[3.0131749000001946],[None],149,0,149,0,214.22958719999997,,10,214.21044630000006,214.22958719999997,214.22958719999997,0.036395899999661196,217.22371750000002,[np.float64(-0.29907407407407405)],[np.float64(0.175)],[1],[0],[0],[3.0131749000001946],[None],par_2_final,001,2025-09-30_11h57.18.644,visual search,,2025.1.1,59.94646780433818,2025-09-30 11h57.28.085968 +0530,
150,0,150,[np.float64(0.2601851851851852)],[np.float64(0.12222222222222222)],[1],[0],[0],[1.6146260000000439],[None],150,0,150,0,217.2779631999997,,10,217.25876070000004,217.2779631999997,217.2779631999997,0.034824899999875925,218.87349259999974,[np.float64(0.2601851851851852)],[np.float64(0.12222222222222222)],[1],[0],[0],[1.6146260000000439],[None],par_2_final,001,2025-09-30_11h57.18.644,visual search,,2025.1.1,59.94646780433818,2025-09-30 11h57.28.085968 +0530,
151,0,151,[np.float64(-0.09166666666666666)],[np.float64(-0.07962962962962963)],[1],[0],[0],[1.1496149999998124],['target'],151,0,151,0,219.06891719999976,,5,218.89133189999984,219.06891719999976,219.06891719999976,0.01761690000012095,220.0410339,[np.float64(-0.09166666666666666)],[np.float64(-0.07962962962962963)],[1],[0],[0],[1.1496149999998124],['target'],par_2_final,001,2025-09-30_11h57.18.644,visual search,,2025.1.1,59.94646780433818,2025-09-30 11h57.28.085968 +0530,
152,0,152,[np.float64(0.44074074074074077)],[np.float64(-0.04259259259259259)],[1],[0],[0],[1.5465930000000299],[None],152,0,152,0,220.0968815000001,,10,220.07749310000008,220.0968815000001,220.0968815000001,0.036294099999850005,221.62418679999973,[np.float64(0.44074074074074077)],[np.float64(-0.04259259259259259)],[1],[0],[0],[1.5465930000000299],[None],par_2_final,001,2025-09-30_11h57.18.644,visual search,,2025.1.1,59.94646780433818,2025-09-30 11h57.28.085968 +0530,
153,0,153,[np.float64(-0.3685185185185185)],[np.float64(0.05)],[1],[0],[0],[1.0778149000002486],[None],153,0,153,0,221.66273619999993,,5,221.64617249999992,221.66273619999993,221.66273619999993,0.02176450000024488,222.7240855,[np.float64(-0.3685185185185185)],[np.float64(0.05)],[1],[0],[0],[1.0778149000002486],[None],par_2_final,001,2025-09-30_11h57.18.644,visual search,,2025.1.1,59.94646780433818,2025-09-30 11h57.28.085968 +0530,
154,0,154,[np.float64(0.33796296296296297)],[np.float64(0.32222222222222224)],[1],[0],[0],[2.2260615000000143],['target'],154,0,154,0,222.78474899999992,,10,222.76356149999992,222.78474899999992,222.78474899999992,0.03929860000016561,224.9897275999997,[np.float64(0.33796296296296297)],[np.float64(0.32222222222222224)],[1],[0],[0],[2.2260615000000143],['target'],par_2_final,001,2025-09-30_11h57.18.644,visual search,,2025.1.1,59.94646780433818,2025-09-30 11h57.28.085968 +0530,
155,0,155,[np.float64(0.17685185185185184)],[np.float64(0.36666666666666664)],[1],[0],[0],[1.3167851999996856],[None],155,0,155,0,225.02282509999986,,5,225.00791320000008,225.02282509999986,225.02282509999986,0.017933000000084576,226.32480720000012,[np.float64(0.17685185185185184)],[np.float64(0.36666666666666664)],[1],[0],[0],[1.3167851999996856],[None],par_2_final,001,2025-09-30_11h57.18.644,visual search,,2025.1.1,59.94646780433818,2025-09-30 11h57.28.085968 +0530,
156,0,156,[np.float64(-0.3685185185185185)],[np.float64(-0.19814814814814816)],[1],[0],[0],[1.5956575000000157],['target'],156,0,156,0,226.36103969999976,,5,226.3446583,226.36103969999976,226.36103969999976,0.019673600000260194,227.9404030999999,[np.float64(-0.3685185185185185)],[np.float64(-0.19814814814814816)],[1],[0],[0],[1.5956575000000157],['target'],par_2_final,001,2025-09-30_11h57.18.644,visual search,,2025.1.1,59.94646780433818,2025-09-30 11h57.28.085968 +0530,
157,0,157,[np.float64(-0.4361111111111111)],[np.float64(0.3351851851851852)],[1],[0],[0],[1.3794480999999905],['target'],157,0,157,0,227.97606880000012,,5,227.96092009999984,227.97606880000012,227.97606880000012,0.020256499999959487,229.34047499999997,[np.float64(-0.4361111111111111)],[np.float64(0.3351851851851852)],[1],[0],[0],[1.3794480999999905],['target'],par_2_final,001,2025-09-30_11h57.18.644,visual search,,2025.1.1,59.94646780433818,2025-09-30 11h57.28.085968 +0530,
158,0,158,[np.float64(0.4824074074074074)],[np.float64(0.49074074074074076)],[1],[0],[0],[1.864984600000298],['target'],158,0,158,0,229.3934602999998,,10,229.37434129999974,229.3934602999998,229.3934602999998,0.03368629999977202,231.23943280000003,[np.float64(0.4824074074074074)],[np.float64(0.49074074074074076)],[1],[0],[0],[1.864984600000298],['target'],par_2_final,001,2025-09-30_11h57.18.644,visual search,,2025.1.1,59.94646780433818,2025-09-30 11h57.28.085968 +0530,
159,0,159,[np.float64(-0.1962962962962963)],[np.float64(0.3)],[1],[0],[0],[1.1159959999999955],['target'],159,0,159,0,231.27257899999995,,5,231.25820329999988,231.27257899999995,231.27257899999995,0.018452499999966676,232.37433839999994,[np.float64(-0.1962962962962963)],[np.float64(0.3)],[1],[0],[0],[1.1159959999999955],['target'],par_2_final,001,2025-09-30_11h57.18.644,visual search,,2025.1.1,59.94646780433818,2025-09-30 11h57.28.085968 +0530,
160,0,160,[np.float64(0.12222222222222222)],[np.float64(0.34629629629629627)],[1],[0],[0],[0.6934794999997393],['target'],160,0,160,0,232.43393079999987,,10,232.41340179999997,232.43393079999987,232.43393079999987,0.03883509999968737,233.10697039999968,[np.float64(0.12222222222222222)],[np.float64(0.34629629629629627)],[1],[0],[0],[0.6934794999997393],['target'],par_2_final,001,2025-09-30_11h57.18.644,visual search,,2025.1.1,59.94646780433818,2025-09-30 11h57.28.085968 +0530,
161,0,161,[np.float64(0.041666666666666664)],[np.float64(0.42962962962962964)],[1],[0],[0],[0.8305989999998928],['target'],161,0,161,0,233.14020469999969,,5,233.12655499999983,233.14020469999969,233.14020469999969,0.01937550000002375,233.95725279999988,[np.float64(0.041666666666666664)],[np.float64(0.42962962962962964)],[1],[0],[0],[0.8305989999998928],['target'],par_2_final,001,2025-09-30_11h57.18.644,visual search,,2025.1.1,59.94646780433818,2025-09-30 11h57.28.085968 +0530,
162,0,162,[np.float64(0.2074074074074074)],[np.float64(-0.42962962962962964)],[1],[0],[0],[1.881898099999944],['target'],162,0,162,0,233.9887874000001,,5,233.97499489999973,233.9887874000001,233.9887874000001,0.017558099999860133,235.85697699999992,[np.float64(0.2074074074074074)],[np.float64(-0.42962962962962964)],[1],[0],[0],[1.881898099999944],['target'],par_2_final,001,2025-09-30_11h57.18.644,visual search,,2025.1.1,59.94646780433818,2025-09-30 11h57.28.085968 +0530,
163,0,163,[np.float64(0.19444444444444445)],[np.float64(0.2462962962962963)],[1],[0],[0],[1.1788935999998102],[None],163,0,163,0,235.91618280000012,,10,235.89551559999973,235.91618280000012,235.91618280000012,0.0382129999998142,237.07449670000005,[np.float64(0.19444444444444445)],[np.float64(0.2462962962962963)],[1],[0],[0],[1.1788935999998102],[None],par_2_final,001,2025-09-30_11h57.18.644,visual search,,2025.1.1,59.94646780433818,2025-09-30 11h57.28.085968 +0530,
164,0,164,[np.float64(-0.45092592592592595)],[np.float64(-0.39814814814814814)],[1],[0],[0],[1.6636739999999008],['target'],164,0,164,0,237.1299653000001,,10,237.11055260000012,237.1299653000001,237.1299653000001,0.0358433999999761,238.7743190000001,[np.float64(-0.45092592592592595)],[np.float64(-0.39814814814814814)],[1],[0],[0],[1.6636739999999008],['target'],par_2_final,001,2025-09-30_11h57.18.644,visual search,,2025.1.1,59.94646780433818,2025-09-30 11h57.28.085968 +0530,
165,0,165,[np.float64(-0.02962962962962963)],[np.float64(0.4287037037037037)],[1],[0],[0],[1.2143306000002667],[None],165,0,165,0,238.8096833999998,,5,238.7934793999998,238.8096833999998,238.8096833999998,0.01894300000003568,240.00790030000007,[np.float64(-0.02962962962962963)],[np.float64(0.4287037037037037)],[1],[0],[0],[1.2143306000002667],[None],par_2_final,001,2025-09-30_11h57.18.644,visual search,,2025.1.1,59.94646780433818,2025-09-30 11h57.28.085968 +0530,
166,0,166,[np.float64(0.3990740740740741)],[np.float64(0.4287037037037037)],[1],[0],[0],[0.9664552000003823],['target'],166,0,166,0,240.04061109999975,,5,240.02501269999993,240.04061109999975,240.04061109999975,0.016941299999871262,240.99156539999967,[np.float64(0.3990740740740741)],[np.float64(0.4287037037037037)],[1],[0],[0],[0.9664552000003823],['target'],par_2_final,001,2025-09-30_11h57.18.644,visual search,,2025.1.1,59.94646780433818,2025-09-30 11h57.28.085968 +0530,
167,0,167,[np.float64(-0.06944444444444445)],[np.float64(0.49907407407407406)],[1],[0],[0],[1.7469105999998646],['target'],167,0,167,0,241.04576730000008,,10,241.02674679999973,241.04576730000008,241.04576730000008,0.034999299999981304,242.77374650000002,[np.float64(-0.06944444444444445)],[np.float64(0.49907407407407406)],[1],[0],[0],[1.7469105999998646],['target'],par_2_final,001,2025-09-30_11h57.18.644,visual search,,2025.1.1,59.94646780433818,2025-09-30 11h57.28.085968 +0530,
168,0,168,[np.float64(0.027777777777777776)],[np.float64(-0.2898148148148148)],[1],[0],[0],[1.9483789000000797],['target'],168,0,168,0,242.82739599999968,,10,242.80888370000002,242.82739599999968,242.82739599999968,0.0349289000000681,244.75735209999993,[np.float64(0.027777777777777776)],[np.float64(-0.2898148148148148)],[1],[0],[0],[1.9483789000000797],['target'],par_2_final,001,2025-09-30_11h57.18.644,visual search,,2025.1.1,59.94646780433818,2025-09-30 11h57.28.085968 +0530,
169,0,169,[np.float64(-0.017592592592592594)],[np.float64(-0.2212962962962963)],[1],[0],[0],[1.0808356000002277],['target'],169,0,169,0,244.79093909999983,,5,244.77654499999971,244.79093909999983,244.79093909999983,0.01896660000011252,245.85747820000006,[np.float64(-0.017592592592592594)],[np.float64(-0.2212962962962963)],[1],[0],[0],[1.0808356000002277],['target'],par_2_final,001,2025-09-30_11h57.18.644,visual search,,2025.1.1,59.94646780433818,2025-09-30 11h57.28.085968 +0530,
170,0,170,[np.float64(-0.14814814814814814)],[np.float64(0.2611111111111111)],[1],[0],[0],[1.2327444000002288],[None],170,0,170,0,245.88761579999982,,5,245.87383670000008,245.88761579999982,245.88761579999982,0.016166499999599182,247.1068154999998,[np.float64(-0.14814814814814814)],[np.float64(0.2611111111111111)],[1],[0],[0],[1.2327444000002288],[None],par_2_final,001,2025-09-30_11h57.18.644,visual search,,2025.1.1,59.94646780433818,2025-09-30 11h57.28.085968 +0530,
171,0,171,[np.float64(-0.000925925925925926)],[np.float64(0.2222222222222222)],[1],[0],[0],[0.9120935999999347],['target'],171,0,171,0,247.1635464000001,,10,247.1446748999997,247.1635464000001,247.1635464000001,0.037669800000003306,248.05687039999975,[np.float64(-0.000925925925925926)],[np.float64(0.2222222222222222)],[1],[0],[0],[0.9120935999999347],['target'],par_2_final,001,2025-09-30_11h57.18.644,visual search,,2025.1.1,59.94646780433818,2025-09-30 11h57.28.085968 +0530,
172,0,172,[np.float64(-0.15833333333333333)],[np.float64(0.0787037037037037)],[1],[0],[0],[1.1482033000002048],[None],172,0,172,0,248.1104046999999,,10,248.0917101,248.1104046999999,248.1104046999999,0.03463550000014948,249.2400287999999,[np.float64(-0.15833333333333333)],[np.float64(0.0787037037037037)],[1],[0],[0],[1.1482033000002048],[None],par_2_final,001,2025-09-30_11h57.18.644,visual search,,2025.1.1,59.94646780433818,2025-09-30 11h57.28.085968 +0530,
173,0,173,[np.float64(0.26851851851851855)],[np.float64(0.18796296296296297)],[1],[0],[0],[1.1474158999999418],['target'],173,0,173,0,249.2738750999997,,5,249.2597120999999,249.2738750999997,249.2738750999997,0.019402999999783788,250.40725410000005,[np.float64(0.26851851851851855)],[np.float64(0.18796296296296297)],[1],[0],[0],[1.1474158999999418],['target'],par_2_final,001,2025-09-30_11h57.18.644,visual search,,2025.1.1,59.94646780433818,2025-09-30 11h57.28.085968 +0530,
174,0,174,[np.float64(-0.016666666666666666)],[np.float64(0.2898148148148148)],[1],[0],[0],[1.5468419999997423],['target'],174,0,174,0,250.46392089999972,,10,250.44450389999975,250.46392089999972,250.46392089999972,0.03699430000006032,251.99143349999986,[np.float64(-0.016666666666666666)],[np.float64(0.2898148148148148)],[1],[0],[0],[1.5468419999997423],['target'],par_2_final,001,2025-09-30_11h57.18.644,visual search,,2025.1.1,59.94646780433818,2025-09-30 11h57.28.085968 +0530,
175,0,175,[np.float64(-0.25555555555555554)],[np.float64(-0.03425925925925926)],[1],[0],[0],[1.097404799999822],[None],175,0,175,0,252.04866579999998,,10,252.02676889999975,252.04866579999998,252.04866579999998,0.03513750000001892,253.12432089999993,[np.float64(-0.25555555555555554)],[np.float64(-0.03425925925925926)],[1],[0],[0],[1.097404799999822],[None],par_2_final,001,2025-09-30_11h57.18.644,visual search,,2025.1.1,59.94646780433818,2025-09-30 11h57.28.085968 +0530,
176,0,176,[np.float64(0.027777777777777776)],[np.float64(0.022222222222222223)],[1],[0],[0],[1.2112403999999515],['target'],176,0,176,0,253.18446989999984,,10,253.1625785000001,253.18446989999984,253.18446989999984,0.03794560000005731,254.37391260000004,[np.float64(0.027777777777777776)],[np.float64(0.022222222222222223)],[1],[0],[0],[1.2112403999999515],['target'],par_2_final,001,2025-09-30_11h57.18.644,visual search,,2025.1.1,59.94646780433818,2025-09-30 11h57.28.085968 +0530,
177,0,177,[np.float64(-0.49537037037037035)],[np.float64(-0.40185185185185185)],[1],[0],[0],[1.963542100000268],['target'],177,0,177,0,254.41035220000003,,5,254.39362009999968,254.41035220000003,254.41035220000003,0.01948579999998401,256.3572538999997,[np.float64(-0.49537037037037035)],[np.float64(-0.40185185185185185)],[1],[0],[0],[1.963542100000268],['target'],par_2_final,001,2025-09-30_11h57.18.644,visual search,,2025.1.1,59.94646780433818,2025-09-30 11h57.28.085968 +0530,
178,0,178,[np.float64(0.18796296296296297)],[np.float64(-0.4888888888888889)],[1],[0],[0],[2.5252072999996926],[None],178,0,178,0,256.4178833000001,,10,256.39900409999973,256.4178833000001,256.4178833000001,0.04154079999989335,258.9243118999998,[np.float64(0.18796296296296297)],[np.float64(-0.4888888888888889)],[1],[0],[0],[2.5252072999996926],[None],par_2_final,001,2025-09-30_11h57.18.644,visual search,,2025.1.1,59.94646780433818,2025-09-30 11h57.28.085968 +0530,
179,0,179,[np.float64(-0.09907407407407408)],[np.float64(-0.10462962962962963)],[1],[0],[0],[1.194995899999867],['target'],179,0,179,0,258.98202119999996,,10,258.9626539000001,258.98202119999996,258.98202119999996,0.0381243000001632,260.15773039999976,[np.float64(-0.09907407407407408)],[np.float64(-0.10462962962962963)],[1],[0],[0],[1.194995899999867],['target'],par_2_final,001,2025-09-30_11h57.18.644,visual search,,2025.1.1,59.94646780433818,2025-09-30 11h57.28.085968 +0530,
180,0,180,[np.float64(-0.2111111111111111)],[np.float64(-0.07685185185185185)],[1],[0],[0],[0.8464459000001625],['target'],180,0,180,0,260.2188877999997,,10,260.1944212999997,260.2188877999997,260.2188877999997,0.036464600000272185,261.04096619999973,[np.float64(-0.2111111111111111)],[np.float64(-0.07685185185185185)],[1],[0],[0],[0.8464459000001625],['target'],par_2_final,001,2025-09-30_11h57.18.644,visual search,,2025.1.1,59.94646780433818,2025-09-30 11h57.28.085968 +0530,
181,0,181,[np.float64(-0.1935185185185185)],[np.float64(-0.17685185185185184)],[1],[0],[0],[0.875952999999754],['target'],181,0,181,0,261.1017926999998,,10,261.0821682999999,261.1017926999998,261.1017926999998,0.04097520000004806,261.9582239000001,[np.float64(-0.1935185185185185)],[np.float64(-0.17685185185185184)],[1],[0],[0],[0.875952999999754],['target'],par_2_final,001,2025-09-30_11h57.18.644,visual search,,2025.1.1,59.94646780433818,2025-09-30 11h57.28.085968 +0530,
182,0,182,[np.float64(0.4148148148148148)],[np.float64(0.49537037037037035)],[1],[0],[0],[3.562189600000238],['target'],182,0,182,0,262.015081,,10,261.9941924,262.015081,262.015081,0.035748099999636906,265.5564933999999,[np.float64(0.4148148148148148)],[np.float64(0.49537037037037035)],[1],[0],[0],[3.562189600000238],['target'],par_2_final,001,2025-09-30_11h57.18.644,visual search,,2025.1.1,59.94646780433818,2025-09-30 11h57.28.085968 +0530,
183,0,183,[np.float64(-0.29259259259259257)],[np.float64(0.046296296296296294)],[1],[0],[0],[1.1493399000000863],['target'],183,0,183,0,265.5888725,,5,265.57472229999985,265.5888725,265.5888725,0.017950500000097236,266.7241656000001,[np.float64(-0.29259259259259257)],[np.float64(0.046296296296296294)],[1],[0],[0],[1.1493399000000863],['target'],par_2_final,001,2025-09-30_11h57.18.644,visual search,,2025.1.1,59.94646780433818,2025-09-30 11h57.28.085968 +0530,
184,0,184,[np.float64(0.4111111111111111)],[np.float64(-0.1824074074074074)],[1],[0],[0],[2.1475986999998895],['target'],184,0,184,0,266.7561350000001,,5,266.74178559999973,266.7561350000001,266.7561350000001,0.017432600000120146,268.8894915000001,[np.float64(0.4111111111111111)],[np.float64(-0.1824074074074074)],[1],[0],[0],[2.1475986999998895],['target'],par_2_final,001,2025-09-30_11h57.18.644,visual search,,2025.1.1,59.94646780433818,2025-09-30 11h57.28.085968 +0530,
185,0,185,[np.float64(-0.3925925925925926)],[np.float64(-0.11574074074074074)],[1],[0],[0],[1.2485050999998748],['target'],185,0,185,0,268.9216655,,5,268.9075312,268.9216655,268.9216655,0.01781250000021828,270.1561466999997,[np.float64(-0.3925925925925926)],[np.float64(-0.11574074074074074)],[1],[0],[0],[1.2485050999998748],['target'],par_2_final,001,2025-09-30_11h57.18.644,visual search,,2025.1.1,59.94646780433818,2025-09-30 11h57.28.085968 +0530,
186,0,186,[np.float64(0.375)],[np.float64(-0.023148148148148147)],[1],[0],[0],[0.9996772999998029],['target'],186,0,186,0,270.1890860999997,,5,270.17449579999993,270.1890860999997,270.1890860999997,0.018119200000001,271.1742592999999,[np.float64(0.375)],[np.float64(-0.023148148148148147)],[1],[0],[0],[0.9996772999998029],['target'],par_2_final,001,2025-09-30_11h57.18.644,visual search,,2025.1.1,59.94646780433818,2025-09-30 11h57.28.085968 +0530,
187,0,187,[np.float64(0.37222222222222223)],[np.float64(-0.15462962962962962)],[1],[0],[0],[1.6231231000001571],['target'],187,0,187,0,271.2351883000001,,10,271.2165976000001,271.2351883000001,271.2351883000001,0.042180699999789795,272.8398394999999,[np.float64(0.37222222222222223)],[np.float64(-0.15462962962962962)],[1],[0],[0],[1.6231231000001571],['target'],par_2_final,001,2025-09-30_11h57.18.644,visual search,,2025.1.1,59.94646780433818,2025-09-30 11h57.28.085968 +0530,
188,0,188,[np.float64(0.28425925925925927)],[np.float64(0.021296296296296296)],[1],[0],[0],[1.595090600000276],['target'],188,0,188,0,272.8788910999997,,5,272.86259259999997,272.8788910999997,272.8788910999997,0.022455400000126247,274.4577730000001,[np.float64(0.28425925925925927)],[np.float64(0.021296296296296296)],[1],[0],[0],[1.595090600000276],['target'],par_2_final,001,2025-09-30_11h57.18.644,visual search,,2025.1.1,59.94646780433818,2025-09-30 11h57.28.085968 +0530,
189,0,189,[np.float64(0.5018518518518519)],[np.float64(0.387037037037037)],[1],[0],[0],[1.0961400999999569],['target'],189,0,189,0,274.5141736999999,,10,274.4939073999999,274.5141736999999,274.5141736999999,0.035930999999891355,275.5901331,[np.float64(0.5018518518518519)],[np.float64(0.387037037037037)],[1],[0],[0],[1.0961400999999569],['target'],par_2_final,001,2025-09-30_11h57.18.644,visual search,,2025.1.1,59.94646780433818,2025-09-30 11h57.28.085968 +0530,
190,0,190,[np.float64(0.32222222222222224)],[np.float64(0.013888888888888888)],[1],[0],[0],[1.3005710000002182],['target'],190,0,190,0,275.62255000000005,,5,275.60796759999994,275.62255000000005,275.62255000000005,0.017626299999847106,276.9086407,[np.float64(0.32222222222222224)],[np.float64(0.013888888888888888)],[1],[0],[0],[1.3005710000002182],['target'],par_2_final,001,2025-09-30_11h57.18.644,visual search,,2025.1.1,59.94646780433818,2025-09-30 11h57.28.085968 +0530,
191,0,191,[np.float64(-0.29444444444444445)],[np.float64(0.07962962962962963)],[1],[0],[0],[2.7112056999999368],['target'],191,0,191,0,276.9456286999998,,5,276.92965319999985,276.9456286999998,276.9456286999998,0.020834599999943748,279.6410255999999,[np.float64(-0.29444444444444445)],[np.float64(0.07962962962962963)],[1],[0],[0],[2.7112056999999368],['target'],par_2_final,001,2025-09-30_11h57.18.644,visual search,,2025.1.1,59.94646780433818,2025-09-30 11h57.28.085968 +0530,
192,0,192,[np.float64(0.046296296296296294)],[np.float64(-0.08148148148148149)],[1],[0],[0],[3.271573100000296],['target'],192,0,192,0,279.6857750999998,,5,279.66913639999984,279.6857750999998,279.6857750999998,0.02784399999973175,282.94078609999997,[np.float64(0.046296296296296294)],[np.float64(-0.08148148148148149)],[1],[0],[0],[3.271573100000296],['target'],par_2_final,001,2025-09-30_11h57.18.644,visual search,,2025.1.1,59.94646780433818,2025-09-30 11h57.28.085968 +0530,
193,0,193,[np.float64(-0.14166666666666666)],[np.float64(-0.2)],[1],[0],[0],[5.314066299999922],['target'],193,0,193,0,282.9740369000001,,5,282.95961339999985,282.9740369000001,282.9740369000001,0.018667300000288378,288.2737677,[np.float64(-0.14166666666666666)],[np.float64(-0.2)],[1],[0],[0],[5.314066299999922],['target'],par_2_final,001,2025-09-30_11h57.18.644,visual search,,2025.1.1,59.94646780433818,2025-09-30 11h57.28.085968 +0530,
194,0,194,[np.float64(0.1935185185185185)],[np.float64(0.19074074074074074)],[1],[0],[0],[0.9985460000002604],[None],194,0,194,0,288.30718209999986,,5,288.29247469999973,288.30718209999986,288.30718209999986,0.01854609999963941,289.2911202999999,[np.float64(0.1935185185185185)],[np.float64(0.19074074074074074)],[1],[0],[0],[0.9985460000002604],[None],par_2_final,001,2025-09-30_11h57.18.644,visual search,,2025.1.1,59.94646780433818,2025-09-30 11h57.28.085968 +0530,
195,0,195,[np.float64(-0.22962962962962963)],[np.float64(0.14166666666666666)],[1],[0],[0],[2.4979557999999997],['target'],195,0,195,0,289.32310899999993,,5,289.3092891000001,289.32310899999993,289.32310899999993,0.017997200000081648,291.80732880000005,[np.float64(-0.22962962962962963)],[np.float64(0.14166666666666666)],[1],[0],[0],[2.4979557999999997],['target'],par_2_final,001,2025-09-30_11h57.18.644,visual search,,2025.1.1,59.94646780433818,2025-09-30 11h57.28.085968 +0530,
196,0,196,[np.float64(0.017592592592592594)],[np.float64(0.06388888888888888)],[1],[0],[0],[1.1635443999998643],['target'],196,0,196,0,291.84072530000003,,5,291.82729029999973,291.84072530000003,291.84072530000003,0.01976029999968887,292.9909259000001,[np.float64(0.017592592592592594)],[np.float64(0.06388888888888888)],[1],[0],[0],[1.1635443999998643],['target'],par_2_final,001,2025-09-30_11h57.18.644,visual search,,2025.1.1,59.94646780433818,2025-09-30 11h57.28.085968 +0530,
197,0,197,[np.float64(0.1175925925925926)],[np.float64(0.4148148148148148)],[1],[0],[0],[0.96466909999981],['target'],197,0,197,0,293.0240583,,5,293.0095237999999,293.0240583,293.0240583,0.01841439999998329,293.9742814000001,[np.float64(0.1175925925925926)],[np.float64(0.4148148148148148)],[1],[0],[0],[0.96466909999981],['target'],par_2_final,001,2025-09-30_11h57.18.644,visual search,,2025.1.1,59.94646780433818,2025-09-30 11h57.28.085968 +0530,
198,0,198,[np.float64(-0.1712962962962963)],[np.float64(-0.2861111111111111)],[1],[0],[0],[4.807094999999663],['target'],198,0,198,0,294.03809679999995,,10,294.0163434000001,294.03809679999995,294.03809679999995,0.04188830000020971,298.8236244999998,[np.float64(-0.1712962962962963)],[np.float64(-0.2861111111111111)],[1],[0],[0],[4.807094999999663],['target'],par_2_final,001,2025-09-30_11h57.18.644,visual search,,2025.1.1,59.94646780433818,2025-09-30 11h57.28.085968 +0530,
199,0,199,[np.float64(0.15555555555555556)],[np.float64(0.31666666666666665)],[1],[0],[0],[1.6478110999996716],['target'],199,0,199,0,298.8577528999999,,5,298.84295459999976,298.8577528999999,298.8577528999999,0.019018299999970623,300.4908529999998,[np.float64(0.15555555555555556)],[np.float64(0.31666666666666665)],[1],[0],[0],[1.6478110999996716],['target'],par_2_final,001,2025-09-30_11h57.18.644,visual search,,2025.1.1,59.94646780433818,2025-09-30 11h57.28.085968 +0530,
