trialno,Condition,Stimulus,Target,Correct_resp,thisN,thisTrialN,thisRepN,key_resp.keys,key_resp.corr,key_resp.rt,key_resp.duration,trials.thisRepN,trials.thisTrialN,trials.thisN,trials.thisIndex,thisRow.t,notes,trial.started,fixation.started,key_resp.started,stimulus.started,fixation.stopped,trial.stopped,trials.key_resp.keys,trials.key_resp.corr,trials.key_resp.rt,trials.key_resp.duration,participant,session,date,expName,expVersion,psychopyVersion,frameRate,expStart,
1,C,<<<<<,<,left,0,0,0,left,1,1.2054373999999939,None,0,0,0,0,0.11701149999998961,,0.10723619999998846,0.11701149999998961,0.11701149999998961,0.5112126999999873,0.625457200000028,1.4190525999999863,left,1,1.2054373999999939,None,par_2,001,2025-11-10_09h14.34.311,flankers_task_final,,2025.1.1,60.0606372193283,2025-11-10 09h14.53.602397 +0530,
2,C,>>>>>,> ,right,1,1,0,right,1,0.9402201000000332,None,0,1,1,1,1.4376937000000112,,1.4281708000000322,1.4376937000000112,1.4376937000000112,1.9255481000000145,1.9421427000000335,2.392894800000022,right,1,0.9402201000000332,None,par_2,001,2025-11-10_09h14.34.311,flankers_task_final,,2025.1.1,60.0606372193283,2025-11-10 09h14.53.602397 +0530,
3,I,>>><>,<,left,2,2,0,left,1,1.933471900000029,None,0,2,2,2,2.4083180000000084,,2.3970170000000053,2.4083180000000084,2.4083180000000084,2.891871999999978,2.9093434000000116,4.343153799999982,left,1,1.933471900000029,None,par_2,001,2025-11-10_09h14.34.311,flankers_task_final,,2025.1.1,60.0606372193283,2025-11-10 09h14.53.602397 +0530,
4,I,<<><<,> ,right,3,3,0,right,1,2.4943049000000315,None,0,3,3,3,4.358776299999988,,4.346104500000024,4.358776299999988,4.358776299999988,4.858471300000019,4.858471300000019,6.859411300000033,right,1,2.4943049000000315,None,par_2,001,2025-11-10_09h14.34.311,flankers_task_final,,2025.1.1,60.0606372193283,2025-11-10 09h14.53.602397 +0530,
4,I,<<><<,> ,right,4,0,1,left,0,1.1956763000000024,None,1,0,4,3,6.874505900000031,,6.859670499999993,6.874505900000031,6.874505900000031,7.358850700000005,7.375423899999987,8.076472800000033,left,0,1.1956763000000024,None,par_2,001,2025-11-10_09h14.34.311,flankers_task_final,,2025.1.1,60.0606372193283,2025-11-10 09h14.53.602397 +0530,
2,C,>>>>>,> ,right,5,1,1,left,0,2.2557760999999914,None,1,1,5,1,8.091958000000034,,8.079521600000021,8.091958000000034,8.091958000000034,8.591814699999986,8.591814699999986,10.359555900000032,left,0,2.2557760999999914,None,par_2,001,2025-11-10_09h14.34.311,flankers_task_final,,2025.1.1,60.0606372193283,2025-11-10 09h14.53.602397 +0530,
3,I,>>><>,<,left,6,2,1,right,0,2.5847612000000026,None,1,2,6,2,10.375385900000026,,10.362668499999984,10.375385900000026,10.375385900000026,10.858923699999991,10.875395500000025,12.97674219999999,right,0,2.5847612000000026,None,par_2,001,2025-11-10_09h14.34.311,flankers_task_final,,2025.1.1,60.0606372193283,2025-11-10 09h14.53.602397 +0530,
1,C,<<<<<,<,left,7,3,1,right,0,1.8144575000000032,None,1,3,7,0,12.992193499999985,,12.979914899999983,12.992193499999985,12.992193499999985,13.492033400000025,13.492033400000025,14.809499599999981,right,0,1.8144575000000032,None,par_2,001,2025-11-10_09h14.34.311,flankers_task_final,,2025.1.1,60.0606372193283,2025-11-10 09h14.53.602397 +0530,
1,C,<<<<<,<,left,8,0,2,left,1,1.235968000000014,None,2,0,8,0,14.825590000000034,,14.809825999999987,14.825590000000034,14.825590000000034,15.325415899999996,15.325415899999996,16.075908099999992,left,1,1.235968000000014,None,par_2,001,2025-11-10_09h14.34.311,flankers_task_final,,2025.1.1,60.0606372193283,2025-11-10 09h14.53.602397 +0530,
2,C,>>>>>,> ,right,9,1,2,left,0,1.3582427999999709,None,2,1,9,1,16.0922458,,16.079166999999984,16.0922458,16.0922458,16.575532899999985,16.592049700000018,17.459501499999988,left,0,1.3582427999999709,None,par_2,001,2025-11-10_09h14.34.311,flankers_task_final,,2025.1.1,60.0606372193283,2025-11-10 09h14.53.602397 +0530,
4,I,<<><<,> ,right,10,2,2,right,1,4.663640199999975,None,2,2,10,3,17.475347999999997,,17.4624144,17.475347999999997,17.475347999999997,17.95884719999998,17.9756218,22.142420000000016,right,1,4.663640199999975,None,par_2,001,2025-11-10_09h14.34.311,flankers_task_final,,2025.1.1,60.0606372193283,2025-11-10 09h14.53.602397 +0530,
3,I,>>><>,<,left,11,3,2,right,0,3.720473800000036,None,2,3,11,2,22.159030200000018,,22.145470400000022,22.159030200000018,22.159030200000018,22.642131500000005,22.659040199999993,25.892840200000023,right,0,3.720473800000036,None,par_2,001,2025-11-10_09h14.34.311,flankers_task_final,,2025.1.1,60.0606372193283,2025-11-10 09h14.53.602397 +0530,
4,I,<<><<,> ,right,12,0,3,right,1,1.7725631000000135,None,3,0,12,3,25.909408999999982,,25.896288000000027,25.909408999999982,25.909408999999982,26.392577800000026,26.40885609999998,27.69220949999999,right,1,1.7725631000000135,None,par_2,001,2025-11-10_09h14.34.311,flankers_task_final,,2025.1.1,60.0606372193283,2025-11-10 09h14.53.602397 +0530,
1,C,<<<<<,<,left,13,1,3,left,1,1.479760199999987,None,3,1,13,0,27.708014100000014,,27.69651170000003,27.708014100000014,27.708014100000014,28.191762400000016,28.2097167,29.193431000000032,left,1,1.479760199999987,None,par_2,001,2025-11-10_09h14.34.311,flankers_task_final,,2025.1.1,60.0606372193283,2025-11-10 09h14.53.602397 +0530,
2,C,>>>>>,> ,right,14,2,3,right,1,2.1202202999999713,None,3,2,14,1,29.208968700000014,,29.196282699999983,29.208968700000014,29.208968700000014,29.7089426,29.7089426,31.34280160000003,right,1,2.1202202999999713,None,par_2,001,2025-11-10_09h14.34.311,flankers_task_final,,2025.1.1,60.0606372193283,2025-11-10 09h14.53.602397 +0530,
3,I,>>><>,<,left,15,3,3,left,1,2.4865669999999795,None,3,3,15,2,31.359069599999998,,31.34616840000001,31.359069599999998,31.359069599999998,31.842178199999978,31.858978700000023,33.85959860000003,left,1,2.4865669999999795,None,par_2,001,2025-11-10_09h14.34.311,flankers_task_final,,2025.1.1,60.0606372193283,2025-11-10 09h14.53.602397 +0530,
4,I,<<><<,> ,right,16,0,4,right,1,1.5313094999999635,None,4,0,16,3,33.87561470000003,,33.86279460000003,33.87561470000003,33.87561470000003,34.35896150000002,34.37559590000001,35.409702700000025,right,1,1.5313094999999635,None,par_2,001,2025-11-10_09h14.34.311,flankers_task_final,,2025.1.1,60.0606372193283,2025-11-10 09h14.53.602397 +0530,
1,C,<<<<<,<,left,17,1,4,left,1,1.855620999999985,None,4,1,17,0,35.4255192,,35.41286020000001,35.4255192,35.4255192,35.908909900000026,35.92559940000001,37.292761299999995,left,1,1.855620999999985,None,par_2,001,2025-11-10_09h14.34.311,flankers_task_final,,2025.1.1,60.0606372193283,2025-11-10 09h14.53.602397 +0530,
2,C,>>>>>,> ,right,18,2,4,left,0,1.3636804999999868,None,4,2,18,1,37.30872049999999,,37.29624060000003,37.30872049999999,37.30872049999999,37.79232730000001,37.80894949999998,38.675972,left,0,1.3636804999999868,None,par_2,001,2025-11-10_09h14.34.311,flankers_task_final,,2025.1.1,60.0606372193283,2025-11-10 09h14.53.602397 +0530,
3,I,>>><>,<,left,19,3,4,right,0,5.347028099999989,None,4,3,19,2,38.69219479999998,,38.67882910000003,38.69219479999998,38.69219479999998,39.17614630000003,39.19264020000003,44.04241400000001,right,0,5.347028099999989,None,par_2,001,2025-11-10_09h14.34.311,flankers_task_final,,2025.1.1,60.0606372193283,2025-11-10 09h14.53.602397 +0530,
2,C,>>>>>,> ,right,20,0,5,right,1,1.1388744000000202,None,5,0,20,1,44.058846200000005,,44.045192499999985,44.058846200000005,44.058846200000005,44.5420532,44.559075199999995,45.20968479999999,right,1,1.1388744000000202,None,par_2,001,2025-11-10_09h14.34.311,flankers_task_final,,2025.1.1,60.0606372193283,2025-11-10 09h14.53.602397 +0530,
1,C,<<<<<,<,left,21,1,5,left,1,1.5206031999999823,None,5,1,21,0,45.22542900000002,,45.213297100000034,45.22542900000002,45.22542900000002,45.70896299999998,45.72580270000003,46.759705,left,1,1.5206031999999823,None,par_2,001,2025-11-10_09h14.34.311,flankers_task_final,,2025.1.1,60.0606372193283,2025-11-10 09h14.53.602397 +0530,
3,I,>>><>,<,left,22,2,5,left,1,5.224791699999969,None,5,2,22,2,46.775726599999985,,46.76273889999999,46.775726599999985,46.775726599999985,47.25901679999998,47.275677400000006,52.009539200000006,left,1,5.224791699999969,None,par_2,001,2025-11-10_09h14.34.311,flankers_task_final,,2025.1.1,60.0606372193283,2025-11-10 09h14.53.602397 +0530,
4,I,<<><<,> ,right,23,3,5,right,1,1.9612766999999849,None,5,3,23,3,52.02554359999999,,52.0124854,52.02554359999999,52.02554359999999,52.509204899999986,52.52563309999999,53.99291779999999,right,1,1.9612766999999849,None,par_2,001,2025-11-10_09h14.34.311,flankers_task_final,,2025.1.1,60.0606372193283,2025-11-10 09h14.53.602397 +0530,
3,I,>>><>,<,left,24,0,6,left,1,4.769444700000008,None,6,0,24,2,54.00914899999998,,53.9963401,54.00914899999998,54.00914899999998,54.49244629999998,54.509126400000014,58.7930154,left,1,4.769444700000008,None,par_2,001,2025-11-10_09h14.34.311,flankers_task_final,,2025.1.1,60.0606372193283,2025-11-10 09h14.53.602397 +0530,
1,C,<<<<<,<,left,25,1,6,left,1,1.749959600000011,None,6,1,25,0,58.808852,,58.79599539999998,58.808852,58.808852,59.29239210000003,59.3090694,60.57552350000003,left,1,1.749959600000011,None,par_2,001,2025-11-10_09h14.34.311,flankers_task_final,,2025.1.1,60.0606372193283,2025-11-10 09h14.53.602397 +0530,
4,I,<<><<,> ,right,26,2,6,left,0,2.2479392999999845,None,6,2,26,3,60.59212150000002,,60.57857580000001,60.59212150000002,60.59212150000002,61.075614599999994,61.09209450000003,62.84296979999999,left,0,2.2479392999999845,None,par_2,001,2025-11-10_09h14.34.311,flankers_task_final,,2025.1.1,60.0606372193283,2025-11-10 09h14.53.602397 +0530,
2,C,>>>>>,> ,right,27,3,6,right,1,1.513575899999978,None,6,3,27,1,62.85907309999999,,62.846675000000005,62.85907309999999,62.85907309999999,63.35902540000001,63.35902540000001,64.37607129999998,right,1,1.513575899999978,None,par_2,001,2025-11-10_09h14.34.311,flankers_task_final,,2025.1.1,60.0606372193283,2025-11-10 09h14.53.602397 +0530,
1,C,<<<<<,<,left,28,0,7,left,1,1.2173240000000192,None,7,0,28,0,64.39267699999999,,64.37879989999999,64.39267699999999,64.39267699999999,64.87624829999999,64.8923552,65.62645459999999,left,1,1.2173240000000192,None,par_2,001,2025-11-10_09h14.34.311,flankers_task_final,,2025.1.1,60.0606372193283,2025-11-10 09h14.53.602397 +0530,
4,I,<<><<,> ,right,29,1,7,right,1,2.431491699999981,None,7,1,29,3,65.64222460000002,,65.62933959999998,65.64222460000002,65.64222460000002,66.12567100000001,66.14248100000003,68.0765055,right,1,2.431491699999981,None,par_2,001,2025-11-10_09h14.34.311,flankers_task_final,,2025.1.1,60.0606372193283,2025-11-10 09h14.53.602397 +0530,
2,C,>>>>>,> ,right,30,2,7,right,1,1.0015498999999863,None,7,2,30,1,68.19782409999999,,68.18891710000003,68.19782409999999,68.19782409999999,68.5924412,68.70904680000001,69.20963019999999,right,1,1.0015498999999863,None,par_2,001,2025-11-10_09h14.34.311,flankers_task_final,,2025.1.1,60.0606372193283,2025-11-10 09h14.53.602397 +0530,
3,I,>>><>,<,left,31,3,7,right,0,4.734504800000025,None,7,3,31,2,69.22571040000003,,69.21278719999998,69.22571040000003,69.22571040000003,69.708999,69.72576559999999,73.97675329999998,right,0,4.734504800000025,None,par_2,001,2025-11-10_09h14.34.311,flankers_task_final,,2025.1.1,60.0606372193283,2025-11-10 09h14.53.602397 +0530,
2,C,>>>>>,> ,right,32,0,8,right,1,0.9771841999999538,None,8,0,32,1,73.99234430000001,,73.97958670000003,73.99234430000001,73.99234430000001,74.49234669999998,74.49234669999998,74.9763173,right,1,0.9771841999999538,None,par_2,001,2025-11-10_09h14.34.311,flankers_task_final,,2025.1.1,60.0606372193283,2025-11-10 09h14.53.602397 +0530,
4,I,<<><<,> ,right,33,1,8,left,0,3.015326700000003,None,8,1,33,3,74.99141980000002,,74.98013630000003,74.99141980000002,74.99141980000002,75.4758716,75.4924699,78.01028630000002,left,0,3.015326700000003,None,par_2,001,2025-11-10_09h14.34.311,flankers_task_final,,2025.1.1,60.0606372193283,2025-11-10 09h14.53.602397 +0530,
1,C,<<<<<,<,left,34,2,8,left,1,1.2424544000000424,None,8,2,34,0,78.0261653,,78.0148752,78.0261653,78.0261653,78.52571290000003,78.52571290000003,79.2761711,left,1,1.2424544000000424,None,par_2,001,2025-11-10_09h14.34.311,flankers_task_final,,2025.1.1,60.0606372193283,2025-11-10 09h14.53.602397 +0530,
3,I,>>><>,<,left,35,3,8,right,0,3.347306200000048,None,8,3,35,2,79.2927611,,79.27908819999999,79.2927611,79.2927611,79.77607060000003,79.79250710000002,82.64284100000003,right,0,3.347306200000048,None,par_2,001,2025-11-10_09h14.34.311,flankers_task_final,,2025.1.1,60.0606372193283,2025-11-10 09h14.53.602397 +0530,
2,C,>>>>>,> ,right,36,0,9,right,1,1.1183345000000031,None,9,0,36,1,82.65902010000002,,82.64625840000002,82.65902010000002,82.65902010000002,83.1425777,83.1592187,83.79303270000003,right,1,1.1183345000000031,None,par_2,001,2025-11-10_09h14.34.311,flankers_task_final,,2025.1.1,60.0606372193283,2025-11-10 09h14.53.602397 +0530,
4,I,<<><<,> ,right,37,1,9,left,0,3.1173900000000003,None,9,1,37,3,83.80925250000001,,83.79613190000003,83.80925250000001,83.80925250000001,84.29244269999998,84.30976079999999,86.9431712,left,0,3.1173900000000003,None,par_2,001,2025-11-10_09h14.34.311,flankers_task_final,,2025.1.1,60.0606372193283,2025-11-10 09h14.53.602397 +0530,
3,I,>>><>,<,left,38,2,9,right,0,2.3319602999999915,None,9,2,38,2,86.95920160000003,,86.94627430000003,86.95920160000003,86.95920160000003,87.44230149999999,87.4598628,89.29356310000003,right,0,2.3319602999999915,None,par_2,001,2025-11-10_09h14.34.311,flankers_task_final,,2025.1.1,60.0606372193283,2025-11-10 09h14.53.602397 +0530,
1,C,<<<<<,<,left,39,3,9,right,0,1.5261572,None,9,3,39,0,89.30906149999998,,89.29716630000001,89.30906149999998,89.30906149999998,89.80910440000002,89.80910440000002,90.84287799999998,right,0,1.5261572,None,par_2,001,2025-11-10_09h14.34.311,flankers_task_final,,2025.1.1,60.0606372193283,2025-11-10 09h14.53.602397 +0530,
3,I,>>><>,<,left,40,0,10,right,0,2.4891283000000044,None,10,0,40,2,90.85930410000003,,90.84587349999998,90.85930410000003,90.85930410000003,91.34274260000001,91.35890310000002,93.35987520000003,right,0,2.4891283000000044,None,par_2,001,2025-11-10_09h14.34.311,flankers_task_final,,2025.1.1,60.0606372193283,2025-11-10 09h14.53.602397 +0530,
2,C,>>>>>,> ,right,41,1,10,right,1,1.0225116000000298,None,10,1,41,1,93.3757923,,93.36283430000003,93.3757923,93.3757923,93.85911340000001,93.87583260000002,94.40976560000001,right,1,1.0225116000000298,None,par_2,001,2025-11-10_09h14.34.311,flankers_task_final,,2025.1.1,60.0606372193283,2025-11-10 09h14.53.602397 +0530,
4,I,<<><<,> ,right,42,2,10,left,0,1.98029200000002,None,10,2,42,3,94.4258777,,94.41309619999998,94.4258777,94.4258777,94.90919660000003,94.92611260000001,96.40935629999996,left,0,1.98029200000002,None,par_2,001,2025-11-10_09h14.34.311,flankers_task_final,,2025.1.1,60.0606372193283,2025-11-10 09h14.53.602397 +0530,
1,C,<<<<<,<,left,43,3,10,left,1,1.1398927999999842,None,10,3,43,0,96.4259159,,96.41217460000001,96.4259159,96.4259159,96.9092827,96.92586009999997,97.57656309999999,left,1,1.1398927999999842,None,par_2,001,2025-11-10_09h14.34.311,flankers_task_final,,2025.1.1,60.0606372193283,2025-11-10 09h14.53.602397 +0530,
3,I,>>><>,<,left,44,0,11,right,0,2.3396863000000394,None,11,0,44,2,97.5923482,,97.57927169999999,97.5923482,97.5923482,98.07598990000002,98.09271189999998,99.9434402,right,0,2.3396863000000394,None,par_2,001,2025-11-10_09h14.34.311,flankers_task_final,,2025.1.1,60.0606372193283,2025-11-10 09h14.53.602397 +0530,
4,I,<<><<,> ,right,45,1,11,left,0,3.5339119999999866,None,11,1,45,3,99.95881679999997,,99.94676510000005,99.95881679999997,99.95881679999997,100.45951689999998,100.45951689999998,103.49351210000003,left,0,3.5339119999999866,None,par_2,001,2025-11-10_09h14.34.311,flankers_task_final,,2025.1.1,60.0606372193283,2025-11-10 09h14.53.602397 +0530,
2,C,>>>>>,> ,right,46,2,11,right,1,1.130342300000052,None,11,2,46,1,103.50922150000002,,103.4964521,103.50922150000002,103.50922150000002,103.99265440000005,104.00945959999996,104.64296780000001,right,1,1.130342300000052,None,par_2,001,2025-11-10_09h14.34.311,flankers_task_final,,2025.1.1,60.0606372193283,2025-11-10 09h14.53.602397 +0530,
1,C,<<<<<,<,left,47,3,11,left,1,1.8667998000000807,None,11,3,47,0,104.65903320000001,,104.64577349999996,104.65903320000001,104.65903320000001,105.14266830000003,105.15935099999996,106.52660589999999,left,1,1.8667998000000807,None,par_2,001,2025-11-10_09h14.34.311,flankers_task_final,,2025.1.1,60.0606372193283,2025-11-10 09h14.53.602397 +0530,
4,I,<<><<,> ,right,48,0,12,right,1,3.7898126000000047,None,12,0,48,3,106.54252160000004,,106.53001169999999,106.54252160000004,106.54252160000004,107.02610999999996,107.0425505,110.34314,right,1,3.7898126000000047,None,par_2,001,2025-11-10_09h14.34.311,flankers_task_final,,2025.1.1,60.0606372193283,2025-11-10 09h14.53.602397 +0530,
1,C,<<<<<,<,left,49,1,12,left,1,1.2187857999999778,None,12,1,49,0,110.35914440000005,,110.3461848,110.35914440000005,110.35914440000005,110.84285660000006,110.85932440000005,111.59313260000005,left,1,1.2187857999999778,None,par_2,001,2025-11-10_09h14.34.311,flankers_task_final,,2025.1.1,60.0606372193283,2025-11-10 09h14.53.602397 +0530,
3,I,>>><>,<,left,50,2,12,left,1,2.125069799999892,None,12,2,50,2,111.60923859999997,,111.59604780000001,111.60923859999997,111.60923859999997,112.09265090000002,112.10930149999996,113.74688559999998,left,1,2.125069799999892,None,par_2,001,2025-11-10_09h14.34.311,flankers_task_final,,2025.1.1,60.0606372193283,2025-11-10 09h14.53.602397 +0530,
2,C,>>>>>,> ,right,51,3,12,left,0,1.3457063000000744,None,12,3,51,1,113.75988569999998,,113.75032479999999,113.75988569999998,113.75988569999998,114.25939050000005,114.25939050000005,115.1097775,left,0,1.3457063000000744,None,par_2,001,2025-11-10_09h14.34.311,flankers_task_final,,2025.1.1,60.0606372193283,2025-11-10 09h14.53.602397 +0530,
4,I,<<><<,> ,right,52,0,13,right,1,3.1767092999999704,None,13,0,52,3,115.12606420000003,,115.11261010000004,115.12606420000003,115.12606420000003,115.60922080000006,115.62586809999999,118.3099398,right,1,3.1767092999999704,None,par_2,001,2025-11-10_09h14.34.311,flankers_task_final,,2025.1.1,60.0606372193283,2025-11-10 09h14.53.602397 +0530,
1,C,<<<<<,<,left,53,1,13,left,1,0.9770211000000018,None,13,1,53,0,118.32588179999999,,118.3131864,118.32588179999999,118.32588179999999,118.80937209999996,118.82605059999997,119.3100212,left,1,0.9770211000000018,None,par_2,001,2025-11-10_09h14.34.311,flankers_task_final,,2025.1.1,60.0606372193283,2025-11-10 09h14.53.602397 +0530,
3,I,>>><>,<,left,54,2,13,right,0,2.043807700000002,None,13,2,54,2,119.32598149999995,,119.31333560000002,119.32598149999995,119.32598149999995,119.82622899999996,119.82622899999996,121.37692399999997,right,0,2.043807700000002,None,par_2,001,2025-11-10_09h14.34.311,flankers_task_final,,2025.1.1,60.0606372193283,2025-11-10 09h14.53.602397 +0530,
2,C,>>>>>,> ,right,55,3,13,right,1,1.4801436000000194,None,13,3,55,1,121.39282580000003,,121.37966569999998,121.39282580000003,121.39282580000003,121.89264129999998,121.89264129999998,122.8763889,right,1,1.4801436000000194,None,par_2,001,2025-11-10_09h14.34.311,flankers_task_final,,2025.1.1,60.0606372193283,2025-11-10 09h14.53.602397 +0530,
1,C,<<<<<,<,left,56,0,14,left,1,1.5475896000000375,None,14,0,56,0,122.89235850000006,,122.87909150000002,122.89235850000006,122.89235850000006,123.37612029999997,123.39286009999995,124.4429045,left,1,1.5475896000000375,None,par_2,001,2025-11-10_09h14.34.311,flankers_task_final,,2025.1.1,60.0606372193283,2025-11-10 09h14.53.602397 +0530,
3,I,>>><>,<,left,57,1,14,left,1,2.8011778999999706,None,14,1,57,2,124.4592859,,124.44625590000004,124.4592859,124.4592859,124.9427791,124.95943210000001,127.27682950000002,left,1,2.8011778999999706,None,par_2,001,2025-11-10_09h14.34.311,flankers_task_final,,2025.1.1,60.0606372193283,2025-11-10 09h14.53.602397 +0530,
2,C,>>>>>,> ,right,58,2,14,right,1,1.2873028000000204,None,14,2,58,1,127.29309730000006,,127.28006610000006,127.29309730000006,127.29309730000006,127.79279260000004,127.79279260000004,128.5932495,right,1,1.2873028000000204,None,par_2,001,2025-11-10_09h14.34.311,flankers_task_final,,2025.1.1,60.0606372193283,2025-11-10 09h14.53.602397 +0530,
4,I,<<><<,> ,right,59,3,14,left,0,4.040671100000054,None,14,3,59,3,128.60933230000006,,128.59618930000005,128.60933230000006,128.60933230000006,129.09264690000003,129.1094,132.659922,left,0,4.040671100000054,None,par_2,001,2025-11-10_09h14.34.311,flankers_task_final,,2025.1.1,60.0606372193283,2025-11-10 09h14.53.602397 +0530,
3,I,>>><>,<,left,60,0,15,right,0,1.8474264000000176,None,15,0,60,2,132.67557670000002,,132.66338460000003,132.67557670000002,132.67557670000002,133.15946730000002,133.1763643,134.52654060000003,right,0,1.8474264000000176,None,par_2,001,2025-11-10_09h14.34.311,flankers_task_final,,2025.1.1,60.0606372193283,2025-11-10 09h14.53.602397 +0530,
2,C,>>>>>,> ,right,61,1,15,right,1,1.069482799999946,None,15,1,61,1,134.54287919999996,,134.52945749999998,134.54287919999996,134.54287919999996,135.02607430000006,135.04292230000004,135.62670020000002,right,1,1.069482799999946,None,par_2,001,2025-11-10_09h14.34.311,flankers_task_final,,2025.1.1,60.0606372193283,2025-11-10 09h14.53.602397 +0530,
1,C,<<<<<,<,left,62,2,15,left,1,1.3556809999998904,None,15,2,62,0,135.64275160000005,,135.62967410000005,135.64275160000005,135.64275160000005,136.12614330000002,136.14274670000003,137.01013949999998,left,1,1.3556809999998904,None,par_2,001,2025-11-10_09h14.34.311,flankers_task_final,,2025.1.1,60.0606372193283,2025-11-10 09h14.53.602397 +0530,
4,I,<<><<,> ,right,63,3,15,right,1,2.683177600000022,None,15,3,63,3,137.02594219999997,,137.01326050000006,137.02594219999997,137.02594219999997,137.50946089999997,137.52605120000004,139.71039479999996,right,1,2.683177600000022,None,par_2,001,2025-11-10_09h14.34.311,flankers_task_final,,2025.1.1,60.0606372193283,2025-11-10 09h14.53.602397 +0530,
2,C,>>>>>,> ,right,64,0,16,right,1,1.0150908000000527,None,16,0,64,1,139.72569089999996,,139.71326570000002,139.72569089999996,139.72569089999996,140.22603180000004,140.22603180000004,140.7436581,right,1,1.0150908000000527,None,par_2,001,2025-11-10_09h14.34.311,flankers_task_final,,2025.1.1,60.0606372193283,2025-11-10 09h14.53.602397 +0530,
1,C,<<<<<,<,left,65,1,16,left,1,1.6673447999999098,None,16,1,65,0,140.75916669999998,,140.74660079999995,140.75916669999998,140.75916669999998,141.2595951,141.2595951,142.44359879999996,left,1,1.6673447999999098,None,par_2,001,2025-11-10_09h14.34.311,flankers_task_final,,2025.1.1,60.0606372193283,2025-11-10 09h14.53.602397 +0530,
4,I,<<><<,> ,right,66,2,16,left,0,3.9957200999999714,None,16,2,66,3,142.459546,,142.44806,142.459546,142.459546,142.9427718,142.95944560000004,146.46028129999996,left,0,3.9957200999999714,None,par_2,001,2025-11-10_09h14.34.311,flankers_task_final,,2025.1.1,60.0606372193283,2025-11-10 09h14.53.602397 +0530,
3,I,>>><>,<,left,67,3,16,left,1,4.2068210999999565,None,16,3,67,2,146.47609040000003,,146.46298670000004,146.47609040000003,146.47609040000003,146.95939430000004,146.97616120000004,150.69354909999998,left,1,4.2068210999999565,None,par_2,001,2025-11-10_09h14.34.311,flankers_task_final,,2025.1.1,60.0606372193283,2025-11-10 09h14.53.602397 +0530,
2,C,>>>>>,> ,right,68,0,17,right,1,1.0300972999999658,None,17,0,68,1,150.70941269999997,,150.6965118,150.70941269999997,150.70941269999997,151.1928638,151.2093173,151.7429229,right,1,1.0300972999999658,None,par_2,001,2025-11-10_09h14.34.311,flankers_task_final,,2025.1.1,60.0606372193283,2025-11-10 09h14.53.602397 +0530,
1,C,<<<<<,<,left,69,1,17,left,1,1.1693274000000429,None,17,1,69,0,151.75954629999995,,151.7461745,151.75954629999995,151.75954629999995,152.242726,152.25955059999995,152.94353730000006,left,1,1.1693274000000429,None,par_2,001,2025-11-10_09h14.34.311,flankers_task_final,,2025.1.1,60.0606372193283,2025-11-10 09h14.53.602397 +0530,
3,I,>>><>,<,left,70,2,17,left,1,1.4794372000000067,None,17,2,70,2,152.9597941,,152.9466349,152.9597941,152.9597941,153.44260100000002,153.45915810000002,154.44320720000002,left,1,1.4794372000000067,None,par_2,001,2025-11-10_09h14.34.311,flankers_task_final,,2025.1.1,60.0606372193283,2025-11-10 09h14.53.602397 +0530,
4,I,<<><<,> ,right,71,3,17,right,1,2.0223588000000063,None,17,3,71,3,154.4596095,,154.4460376,154.4596095,154.4596095,154.94277359999995,154.95966149999998,156.49350940000005,right,1,2.0223588000000063,None,par_2,001,2025-11-10_09h14.34.311,flankers_task_final,,2025.1.1,60.0606372193283,2025-11-10 09h14.53.602397 +0530,
2,C,>>>>>,> ,right,72,0,18,right,1,2.150314099999946,None,18,0,72,1,156.5096716,,156.4969309,156.5096716,156.5096716,156.99267609999998,157.00964240000002,158.67694720000003,right,1,2.150314099999946,None,par_2,001,2025-11-10_09h14.34.311,flankers_task_final,,2025.1.1,60.0606372193283,2025-11-10 09h14.53.602397 +0530,
1,C,<<<<<,<,left,73,1,18,left,1,1.1077068999999256,None,18,1,73,0,158.69249740000004,,158.67994600000003,158.69249740000004,158.69249740000004,159.19288769999997,159.19288769999997,159.81014729999998,left,1,1.1077068999999256,None,par_2,001,2025-11-10_09h14.34.311,flankers_task_final,,2025.1.1,60.0606372193283,2025-11-10 09h14.53.602397 +0530,
3,I,>>><>,<,left,74,2,18,right,0,2.111132600000019,None,18,2,74,2,159.82618299999996,,159.81318449999998,159.82618299999996,159.82618299999996,160.30942610000005,160.32621650000004,161.9436526,right,0,2.111132600000019,None,par_2,001,2025-11-10_09h14.34.311,flankers_task_final,,2025.1.1,60.0606372193283,2025-11-10 09h14.53.602397 +0530,
4,I,<<><<,> ,right,75,3,18,right,1,1.9502533999999514,None,18,3,75,3,161.95945380000006,,161.94707380000006,161.95945380000006,161.95945380000006,162.44262750000001,162.4594609,163.92692419999997,right,1,1.9502533999999514,None,par_2,001,2025-11-10_09h14.34.311,flankers_task_final,,2025.1.1,60.0606372193283,2025-11-10 09h14.53.602397 +0530,
1,C,<<<<<,<,left,76,0,19,left,1,1.4873757999999953,None,19,0,76,0,163.94293780000004,,163.92977890000003,163.94293780000004,163.94293780000004,164.42619559999997,164.44374599999998,165.44343699999996,left,1,1.4873757999999953,None,par_2,001,2025-11-10_09h14.34.311,flankers_task_final,,2025.1.1,60.0606372193283,2025-11-10 09h14.53.602397 +0530,
4,I,<<><<,> ,right,77,1,19,right,1,0.850356500000089,None,19,1,77,3,165.45955540000006,,165.44630409999996,165.45955540000006,165.45955540000006,165.94324320000004,165.95945939999996,166.31063869999997,right,1,0.850356500000089,None,par_2,001,2025-11-10_09h14.34.311,flankers_task_final,,2025.1.1,60.0606372193283,2025-11-10 09h14.53.602397 +0530,
3,I,>>><>,<,left,78,2,19,right,0,2.8211603999999397,None,19,2,78,2,166.32607260000003,,166.31408460000006,166.32607260000003,166.32607260000003,166.82637970000002,166.82637970000002,169.1602115,right,0,2.8211603999999397,None,par_2,001,2025-11-10_09h14.34.311,flankers_task_final,,2025.1.1,60.0606372193283,2025-11-10 09h14.53.602397 +0530,
2,C,>>>>>,> ,right,79,3,19,right,1,1.1043269999998984,None,19,3,79,1,169.17638819999996,,169.16318270000005,169.17638819999996,169.17638819999996,169.6592215,169.67636190000002,170.29345930000005,right,1,1.1043269999998984,None,par_2,001,2025-11-10_09h14.34.311,flankers_task_final,,2025.1.1,60.0606372193283,2025-11-10 09h14.53.602397 +0530,
1,C,<<<<<,<,left,80,0,20,left,1,0.8798569000000498,None,20,0,80,0,170.30955590000002,,170.29648709999998,170.30955590000002,170.30955590000002,170.79287189999997,170.8093114,171.19335949999999,left,1,0.8798569000000498,None,par_2,001,2025-11-10_09h14.34.311,flankers_task_final,,2025.1.1,60.0606372193283,2025-11-10 09h14.53.602397 +0530,
3,I,>>><>,<,left,81,1,20,left,1,3.1524535999999443,None,20,1,81,2,171.2094917,,171.19670309999998,171.2094917,171.2094917,171.69270620000003,171.7095165,174.37711340000004,left,1,3.1524535999999443,None,par_2,001,2025-11-10_09h14.34.311,flankers_task_final,,2025.1.1,60.0606372193283,2025-11-10 09h14.53.602397 +0530,
4,I,<<><<,> ,right,82,2,20,left,0,3.936148000000003,None,20,2,82,3,174.3930065,,174.3799839,174.3930065,174.3930065,174.8764488,174.89271260000004,178.34358939999998,left,0,3.936148000000003,None,par_2,001,2025-11-10_09h14.34.311,flankers_task_final,,2025.1.1,60.0606372193283,2025-11-10 09h14.53.602397 +0530,
2,C,>>>>>,> ,right,83,3,20,right,1,1.096673399999986,None,20,3,83,1,178.35956860000005,,178.34652180000006,178.35956860000005,178.35956860000005,178.8596591,178.8596591,179.46021030000003,right,1,1.096673399999986,None,par_2,001,2025-11-10_09h14.34.311,flankers_task_final,,2025.1.1,60.0606372193283,2025-11-10 09h14.53.602397 +0530,
1,C,<<<<<,<,left,84,0,21,left,1,1.3671922999999424,None,21,0,84,0,179.47609330000006,,179.4634176,179.47609330000006,179.47609330000006,179.9595258,179.97648699999996,180.86033820000006,left,1,1.3671922999999424,None,par_2,001,2025-11-10_09h14.34.311,flankers_task_final,,2025.1.1,60.0606372193283,2025-11-10 09h14.53.602397 +0530,
2,C,>>>>>,> ,right,85,1,21,right,1,1.075016699999992,None,21,1,85,1,180.87628820000003,,180.86321760000004,180.87628820000003,180.87628820000003,181.35959250000002,181.37626649999999,181.96018980000002,right,1,1.075016699999992,None,par_2,001,2025-11-10_09h14.34.311,flankers_task_final,,2025.1.1,60.0606372193283,2025-11-10 09h14.53.602397 +0530,
4,I,<<><<,> ,right,86,2,21,right,1,2.2685593999999583,None,21,2,86,3,181.97633360000003,,181.96308960000005,181.97633360000003,181.97633360000003,182.45961500000004,182.47644399999996,184.26045319999997,right,1,2.2685593999999583,None,par_2,001,2025-11-10_09h14.34.311,flankers_task_final,,2025.1.1,60.0606372193283,2025-11-10 09h14.53.602397 +0530,
3,I,>>><>,<,left,87,3,21,left,1,4.453784900000073,None,21,3,87,2,184.27619740000006,,184.26393009999998,184.27619740000006,184.27619740000006,184.77639900000003,184.77639900000003,188.74369729999995,left,1,4.453784900000073,None,par_2,001,2025-11-10_09h14.34.311,flankers_task_final,,2025.1.1,60.0606372193283,2025-11-10 09h14.53.602397 +0530,
3,I,>>><>,<,left,88,0,22,left,1,2.241455299999984,None,22,0,88,2,188.7596024,,188.74398349999996,188.7596024,188.7596024,189.2430526,189.25964830000004,191.01054830000004,left,1,2.241455299999984,None,par_2,001,2025-11-10_09h14.34.311,flankers_task_final,,2025.1.1,60.0606372193283,2025-11-10 09h14.53.602397 +0530,
1,C,<<<<<,<,left,89,1,22,left,1,1.144718199999943,None,22,1,89,0,191.02618390000004,,191.0134135,191.02618390000004,191.02618390000004,191.50988290000004,191.52661940000002,192.1770886,left,1,1.144718199999943,None,par_2,001,2025-11-10_09h14.34.311,flankers_task_final,,2025.1.1,60.0606372193283,2025-11-10 09h14.53.602397 +0530,
2,C,>>>>>,> ,right,90,2,22,right,1,1.4508068000000094,None,22,2,90,1,192.1929154,,192.1799256,192.1929154,192.1929154,192.6763203,192.69325399999997,193.66066210000002,right,1,1.4508068000000094,None,par_2,001,2025-11-10_09h14.34.311,flankers_task_final,,2025.1.1,60.0606372193283,2025-11-10 09h14.53.602397 +0530,
4,I,<<><<,> ,right,91,3,22,right,1,2.7921390999999858,None,22,3,91,3,193.67622790000001,,193.6634773,193.67622790000001,193.67622790000001,194.17629440000002,194.17629440000002,196.47640719999998,right,1,2.7921390999999858,None,par_2,001,2025-11-10_09h14.34.311,flankers_task_final,,2025.1.1,60.0606372193283,2025-11-10 09h14.53.602397 +0530,
4,I,<<><<,> ,right,92,0,23,left,0,3.315251099999955,None,23,0,92,3,196.49228469999997,,196.47673809999998,196.49228469999997,196.49228469999997,196.9763413,196.99309020000004,199.81045890000001,left,0,3.315251099999955,None,par_2,001,2025-11-10_09h14.34.311,flankers_task_final,,2025.1.1,60.0606372193283,2025-11-10 09h14.53.602397 +0530,
3,I,>>><>,<,left,93,1,23,left,1,2.3045565000001034,None,23,1,93,2,199.82599720000002,,199.81334540000006,199.82599720000002,199.82599720000002,200.30964850000004,200.32619319999998,202.14341500000006,left,1,2.3045565000001034,None,par_2,001,2025-11-10_09h14.34.311,flankers_task_final,,2025.1.1,60.0606372193283,2025-11-10 09h14.53.602397 +0530,
1,C,<<<<<,<,left,94,2,23,left,1,0.9892611000000215,None,23,2,94,0,202.15952009999995,,202.14703620000006,202.15952009999995,202.15952009999995,202.64671100000004,202.66146870000006,203.16087720000002,left,1,0.9892611000000215,None,par_2,001,2025-11-10_09h14.34.311,flankers_task_final,,2025.1.1,60.0606372193283,2025-11-10 09h14.53.602397 +0530,
2,C,>>>>>,> ,right,95,3,23,right,1,1.3358259000000317,None,23,3,95,1,203.17682940000003,,203.16398759999998,203.17682940000003,203.17682940000003,203.660283,203.6766763,204.5253227,right,1,1.3358259000000317,None,par_2,001,2025-11-10_09h14.34.311,flankers_task_final,,2025.1.1,60.0606372193283,2025-11-10 09h14.53.602397 +0530,
4,I,<<><<,> ,right,96,0,24,right,1,2.1488806999999497,None,24,0,96,3,204.54145550000004,,204.52820679999996,204.54145550000004,204.54145550000004,205.02646529999998,205.04314930000004,206.69359820000005,right,1,2.1488806999999497,None,par_2,001,2025-11-10_09h14.34.311,flankers_task_final,,2025.1.1,60.0606372193283,2025-11-10 09h14.53.602397 +0530,
1,C,<<<<<,<,left,97,1,24,left,1,1.2438563999999133,None,24,1,97,0,206.70973499999997,,206.69713510000003,206.70973499999997,206.70973499999997,207.19326040000004,207.20995080000006,207.96083700000003,left,1,1.2438563999999133,None,par_2,001,2025-11-10_09h14.34.311,flankers_task_final,,2025.1.1,60.0606372193283,2025-11-10 09h14.53.602397 +0530,
2,C,>>>>>,> ,right,98,2,24,right,1,1.049375800000007,None,24,2,98,1,207.97624060000004,,207.96388559999997,207.97624060000004,207.97624060000004,208.476515,208.476515,209.02782229999997,right,1,1.049375800000007,None,par_2,001,2025-11-10_09h14.34.311,flankers_task_final,,2025.1.1,60.0606372193283,2025-11-10 09h14.53.602397 +0530,
3,I,>>><>,<,left,99,3,24,right,0,2.609135199999969,None,24,3,99,2,209.0428066,,209.0307135,209.0428066,209.0428066,209.54317799999995,209.54317799999995,211.66019590000002,right,0,2.609135199999969,None,par_2,001,2025-11-10_09h14.34.311,flankers_task_final,,2025.1.1,60.0606372193283,2025-11-10 09h14.53.602397 +0530,
